"Fecha;Hora;Texto_aviso_WinCC;Lugar_de_averia;Nombre_de_usuario"
"22/11/18;05:33:24 PM;Tunel Vila Olimpica 1:   Fallo Comunicación;VilaOlimp1;"
"22/11/18;05:33:03 PM;Tunel Vila Olimpica 1:   Fallo Comunicación;VilaOlimp1;"
"22/11/18;05:24:10 PM;Tunel Forum:    Fallo Comunicación;Forum;"
"22/11/18;05:23:56 PM;Tunel Forum:    Fallo Comunicación;Forum;"
"22/11/18;05:22:59 PM;Tunel Vila Olimpica 1:   Fallo Comunicación;VilaOlimp1;"
"22/11/18;05:17:56 PM;Tunel Vila Olimpica 1:   Fallo Comunicación;VilaOlimp1;"
"22/11/18;05:14:12 PM;Tunel Pla de Palau:    Fallo Comunicación;Pla Palau;"
"22/11/18;05:08:12 PM;Tunel Vila Olimpica 1:   Fallo Comunicación;VilaOlimp1;"
"22/11/18;05:07:54 PM;Tunel Vila Olimpica 1:   Fallo Comunicación;VilaOlimp1;"
"22/11/18;04:54:10 PM;Tunel Baró de Viver:    Fallo Comunicación;Baro Viver;"
"22/11/18;04:54:05 PM;WEBRT:RONDAS-PC:WebClient UTERONDESBCN04 - conexión establecida (Usuario=operador);;"
"22/11/18;04:54:00 PM;Tunel Baró de Viver:    Fallo Comunicación;Baro Viver;"
"22/11/18;04:53:58 PM;WEBRT:RONDAS-PC:WebClient UTERONDESBCN04 - conexión desconectada (Usuario=operador);;"
"22/11/18;04:53:14 PM;Tunel Poble Nou:     Fallo Comunicación;Poble Nou;"
"22/11/18;04:52:04 PM;Tunel Vila Olimpica 1:   Fallo Comunicación;VilaOlimp1;"
"22/11/18;04:50:54 PM;Tunel Poble Nou:     Fallo Comunicación;Poble Nou;"
"22/11/18;04:46:32 PM;Tunel Vila Olimpica 1:   Fallo Comunicación;VilaOlimp1;"
"22/11/18;04:46:32 PM;Tunel San Feliu:    Alarma Intrusion;San Feliu;"
"22/11/18;04:46:14 PM;Tunel San Feliu:     Alarma bocina anulada;San Feliu;"
"22/11/18;04:45:28 PM;Tunel Vila Olimpica 1:   Fallo Comunicación;VilaOlimp1;"
"22/11/18;04:41:56 PM;Pozo 8:    Fallo Comunicación;Pozo 8;"
"22/11/18;04:40:28 PM;Tunel Vila Olimpica 1:   Fallo Comunicación;VilaOlimp1;"
"22/11/18;04:39:22 PM;Tunel Vila Olimpica 1:   Fallo Comunicación;VilaOlimp1;"
"22/11/18;04:35:52 PM;Pozo 8:    Fallo Comunicación;Pozo 8;"
"22/11/18;04:34:42 PM;Tunel Vila Olimpica 1:   Fallo Comunicación;VilaOlimp1;"
"22/11/18;04:34:25 PM;Tunel San Feliu:     Alarma bocina anulada;San Feliu;"
"22/11/18;04:34:09 PM;Tunel San Feliu:    Alarma Intrusion;San Feliu;"
"22/11/18;04:33:22 PM;Tunel Vila Olimpica 1:   Fallo Comunicación;VilaOlimp1;"
"22/11/18;04:28:26 PM;Tunel Vila Olimpica 1:   Fallo Comunicación;VilaOlimp1;"
"22/11/18;04:28:10 PM;Tunel Media Poble Nou:     Fallo Comunicación;MPoble Nou;"
"22/11/18;04:25:46 PM;Tunel Pla de Palau:    Fallo Comunicación;Pla Palau;"
"22/11/18;04:24:54 PM;Tunel Baró de Viver:    Potencia Reactiva bajo mónimos.;Collserola;"
"22/11/18;04:22:36 PM;Tunel Baró de Viver:    Fallo Comunicación;Baro Viver;"
"22/11/18;04:22:24 PM;Tunel Baró de Viver:    Fallo Comunicación;Baro Viver;"
"22/11/18;04:21:54 PM;Tunel Vila Olimpica 1:   Fallo Comunicación;VilaOlimp1;"
"22/11/18;04:21:35 PM;Tunel Baró de Viver:    Potencia Reactiva bajo mónimos.;Collserola;"
"22/11/18;04:21:20 PM;Tunel Vila Olimpica 1:   Fallo Comunicación;VilaOlimp1;"
"22/11/18;04:14:22 PM;Tunel Vila Olimpica 1:   Fallo Comunicación;VilaOlimp1;"
"22/11/18;04:09:30 PM;Tunel Vila Olimpica 1:   Fallo Comunicación;VilaOlimp1;"
"22/11/18;04:03:31 PM;Tunel Forum:    Alarma Intrusion;Forum;"
"22/11/18;04:02:30 PM;Tunel Forum:    Alarma Intrusion;Forum;"
"22/11/18;04:02:27 PM;Tunel Vila Olimpica 1:   Fallo Comunicación;VilaOlimp1;"
"22/11/18;04:00:36 PM;Tunel Forum:    Alarma Intrusion;Forum;"
"22/11/18;03:59:30 PM;Tunel Forum:    Alarma Intrusion;Forum;"
"22/11/18;03:57:51 PM;Tunel Pla de Palau:    Fallo Comunicación;Pla Palau;"
"22/11/18;03:57:00 PM;Tunel Forum:    Alarma Intrusion;Forum;"
"22/11/18;03:56:45 PM;Tunel Forum:    Alarma Intrusion;Forum;"
"22/11/18;03:52:46 PM;Tunel Vila Olimpica 1:   Fallo Comunicación;VilaOlimp1;"
"22/11/18;03:41:32 PM;Tunel Vila Olimpica 1:   Fallo Comunicación;VilaOlimp1;"
"22/11/18;03:41:20 PM;Tunel Vila Olimpica 1:   Fallo Comunicación;VilaOlimp1;"
"22/11/18;03:38:16 PM;Tunel San Feliu:    Fallo Comunicación;San Feliu;"
"22/11/18;03:37:54 PM;Tunel Forum:    Fallo Comunicación;Forum;"
"22/11/18;03:37:52 PM;Tunel Forum:    Alarma Intrusion;Forum;"
"22/11/18;03:37:40 PM;Tunel Forum:    Fallo Comunicación;Forum;"
"22/11/18;03:36:53 PM;Tunel Forum:    Alarma Intrusion;Forum;"
"22/11/18;03:36:00 PM;Tunel Forum:    Alarma Intrusion;Forum;"
"22/11/18;03:35:48 PM;Tunel Forum:    Alarma Intrusion;Forum;"
"22/11/18;03:35:36 PM;Tunel Vila Olimpica 1:   Fallo Comunicación;VilaOlimp1;"
"22/11/18;03:35:26 PM;Tunel Vila Olimpica 1:   Fallo Comunicación;VilaOlimp1;"
"22/11/18;03:34:45 PM;Tunel Forum:    Alarma Intrusion;Forum;"
"22/11/18;03:34:29 PM;Tunel Forum:    Alarma Intrusion;Forum;"
"22/11/18;03:27:45 PM;Tunel Forum:    Alarma Intrusion;Forum;"
"22/11/18;03:27:42 PM;Pozo 8:    Fallo Comunicación;Pozo 8;"
"22/11/18;03:27:30 PM;Tunel Forum:    Alarma Intrusion;Forum;"
"22/11/18;03:26:49 PM;Tunel Forum:    Alarma Intrusion;Forum;"
"22/11/18;03:26:46 PM;Tunel Forum:    Alarma Intrusion;Forum;"
"22/11/18;03:26:04 PM;Tunel Baró de Viver:    Fallo Comunicación;Baro Viver;"
"22/11/18;03:25:44 PM;Tunel Baró de Viver:    Fallo Comunicación;Baro Viver;"
"22/11/18;03:18:43 PM;WEBRT:RONDAS-PC:WebClient UTERONDESBCN04 - conexión establecida (Usuario=operador);;"
"22/11/18;03:18:40 PM;WEBRT:RONDAS-PC:WebClient UTERONDESBCN05 - conexión establecida (Usuario=operador);;"
"22/11/18;03:18:18 PM;Tunel Vila Olimpica 1:   Fallo Comunicación;VilaOlimp1;"
"22/11/18;03:17:58 PM;Tunel Vila Olimpica 1:   Fallo Comunicación;VilaOlimp1;"
"22/11/18;03:17:07 PM;WCCRT:RONDAS-PC:Runtime activado en RONDAS-PC;;"
"22/11/18;03:16:30 PM;WCCRT:RONDAS-PC:Runtime desactivado en RONDAS-PC;;"
"22/11/18;03:12:08 PM;Tunel Vila Olimpica 1:   Fallo Comunicación;VilaOlimp1;"
"22/11/18;03:12:02 PM;Tunel Vila Olimpica 1:   Fallo Comunicación;VilaOlimp1;"
"22/11/18;03:09:22 PM;Tunel Pla de Palau:    Fallo Comunicación;Pla Palau;"
"22/11/18;03:07:26 PM;Tunel Vila Olimpica 1:   Fallo Comunicación;VilaOlimp1;"
"22/11/18;03:07:10 PM;Tunel Vila Olimpica 1:   Fallo Comunicación;VilaOlimp1;"
"22/11/18;03:06:03 PM;Tunel Vila Olimpica 1:   Fallo Comunicación;VilaOlimp1;"
"22/11/18;03:05:12 PM;Tunel Pla de Palau:    Fallo Comunicación;Pla Palau;"
"22/11/18;03:01:12 PM;Tunel Vila Olimpica 1:   Fallo Comunicación;VilaOlimp1;"
"22/11/18;02:56:02 PM;Tunel Vila Olimpica 1:   Fallo Comunicación;VilaOlimp1;"
"22/11/18;02:55:54 PM;Tunel Vila Olimpica 1:   Fallo Comunicación;VilaOlimp1;"
"22/11/18;02:55:03 PM;WEBRT:RONDAS-PC:WebClient UTERONDESBCN05 - conexión establecida (Usuario=operador);;"
"22/11/18;02:55:03 PM;Tunel Vila Olimpica 1:   Fallo Comunicación;VilaOlimp1;"
"22/11/18;02:52:00 PM;Tunel Pla de Palau:    Fallo Comunicación;Pla Palau;"
"22/11/18;02:49:31 PM;Tunel Forum:    Alarma Intrusion;Forum;"
"22/11/18;02:49:18 PM;Tunel Forum:    Alarma Intrusion;Forum;"
"22/11/18;02:49:01 PM;Tunel Forum:    Alarma Intrusion;Forum;"
"22/11/18;02:48:46 PM;Tunel Forum:    Alarma Intrusion;Forum;"
"22/11/18;02:44:12 PM;Tunel Vila Olimpica 1:   Fallo Comunicación;VilaOlimp1;"
"22/11/18;02:43:10 PM;Tunel Pla de Palau:    Fallo Comunicación;Pla Palau;"
"22/11/18;02:42:58 PM;Tunel Autogeneracion:    Fallo Comunicación;Autogenera;"
"22/11/18;02:38:03 PM;Tunel Vila Olimpica 1:   Fallo Comunicación;VilaOlimp1;"
"22/11/18;02:37:47 PM;Pozo 7:    Fallo Comunicación;Pozo 7;"
"22/11/18;02:37:01 PM;Tunel Autogeneracion:    Fallo Comunicación;Autogenera;"
"22/11/18;02:33:25 PM;Tunel Vila Olimpica 1:   Fallo Comunicación;VilaOlimp1;"
"22/11/18;02:33:15 PM;Tunel Forum:    Alarma Intrusion;Forum;"
"22/11/18;02:32:00 PM;Tunel Forum:    Alarma Intrusion;Forum;"
"22/11/18;02:31:45 PM;Pozo 7:    Fallo Comunicación;Pozo 7;"
"22/11/18;02:30:42 PM;Tunel Forum:    Alarma Intrusion;Forum;"
"22/11/18;02:29:31 PM;Tunel Forum:    Alarma Intrusion;Forum;"
"22/11/18;02:28:57 PM;Tunel Pla de Palau:    Fallo Comunicación;Pla Palau;"
"22/11/18;02:27:25 PM;Tunel Vila Olimpica 1:   Fallo Comunicación;VilaOlimp1;"
"22/11/18;02:27:03 PM;Tunel Vila Olimpica 1:   Fallo Comunicación;VilaOlimp1;"
"22/11/18;02:26:03 PM;Tunel Vila Olimpica 1:   Fallo Comunicación;VilaOlimp1;"
"22/11/18;02:21:09 PM;Tunel Vila Olimpica 1:   Fallo Comunicación;VilaOlimp1;"
"22/11/18;02:21:01 PM;Tunel Forum:    Alarma Intrusion;Forum;"
"22/11/18;02:20:03 PM;Tunel Vila Olimpica 1:   Fallo Comunicación;VilaOlimp1;"
"22/11/18;02:16:41 PM;Pozo 8:    Fallo Comunicación;Pozo 8;"
"22/11/18;02:14:16 PM;Tunel Forum:    Alarma Intrusion;Forum;"
"22/11/18;02:14:03 PM;Tunel Vila Olimpica 1:   Fallo Comunicación;VilaOlimp1;"
"22/11/18;02:13:45 PM;Tunel Forum:    Alarma Intrusion;Forum;"
"22/11/18;02:11:53 PM;Tunel Baró de Viver:    Fallo Comunicación;Baro Viver;"
"22/11/18;02:11:43 PM;Tunel Baró de Viver:    Fallo Comunicación;Baro Viver;"
"22/11/18;02:11:03 PM;Tunel Forum:    Alarma Intrusion;Forum;"
"22/11/18;02:10:21 PM;Tunel Pla de Palau:    Fallo Comunicación;Pla Palau;"
"22/11/18;02:08:13 PM;Tunel Media Poble Nou:     Fallo Comunicación;MPoble Nou;"
"22/11/18;02:08:11 PM;Tunel Vila Olimpica 1:   Fallo Comunicación;VilaOlimp1;"
"22/11/18;02:08:01 PM;Tunel Vila Olimpica 1:   Fallo Comunicación;VilaOlimp1;"
"22/11/18;02:08:00 PM;Tunel Vila Olimpica 1:   Fallo Comunicación;VilaOlimp1;"
"22/11/18;02:07:29 PM;WEBRT:RONDAS-PC:WebClient UTERONDESBCN04 - conexión establecida (Usuario=operador);;"
"22/11/18;02:06:01 PM;Tunel Vila Olimpica 1:   Fallo Comunicación;VilaOlimp1;"
"22/11/18;02:05:06 PM;WEBRT:RONDAS-PC:WebClient UTERONDESBCN04 - conexión desconectada (Usuario=operador);;"
"22/11/18;02:00:59 PM;Tunel Vila Olimpica 1:   Fallo Comunicación;VilaOlimp1;"
"22/11/18;01:58:41 PM;Tunel Media Poble Nou:     Fallo Comunicación;MPoble Nou;"
"22/11/18;01:56:22 PM;WEBRT:RONDAS-PC:WebClient UTERONDESBCN04 - conexión establecida (Usuario=operador);;"
"22/11/18;01:56:21 PM;WEBRT:RONDAS-PC:WebClient UTERONDESBCN04 - conexión desconectada (Usuario=operador);;"
"22/11/18;01:55:45 PM;Tunel Pla de Palau:    Fallo Comunicación;Pla Palau;"
"22/11/18;01:55:24 PM;WEBRT:RONDAS-PC:WebClient UTERONDESBCN04 - conexión establecida (Usuario=operador);;"
"22/11/18;01:51:05 PM;Tunel Vila Olimpica 1:   Fallo Comunicación;VilaOlimp1;"
"22/11/18;01:45:53 PM;Tunel Vila Olimpica 1:   Fallo Comunicación;VilaOlimp1;"
"22/11/18;01:41:01 PM;Tunel Vila Olimpica 1:   Fallo Comunicación;VilaOlimp1;"
"22/11/18;01:37:09 PM;Tunel Pla de Palau:    Fallo Comunicación;Pla Palau;"
"22/11/18;01:28:23 PM;Tunel Forum:    Fallo Comunicación;Forum;"
"22/11/18;01:28:05 PM;Tunel Forum:    Fallo Comunicación;Forum;"
"22/11/18;01:26:37 PM;Tunel Pla de Palau:    Fallo Comunicación;Pla Palau;"
"22/11/18;01:23:47 PM;Tunel Vila Olimpica 1:   Fallo Comunicación;VilaOlimp1;"
"22/11/18;01:23:07 PM;Tunel Vila Olimpica 1:   Fallo Comunicación;VilaOlimp1;"
"22/11/18;01:18:31 PM;Tunel Vila Olimpica 1:   Fallo Comunicación;VilaOlimp1;"
"22/11/18;01:18:15 PM;Tunel Vila Olimpica 1:   Fallo Comunicación;VilaOlimp1;"
"22/11/18;01:15:53 PM;Tunel Poble Nou:     Fallo Comunicación;Poble Nou;"
"22/11/18;01:14:23 PM;AM:ESCADARONDAS:Backup de medios 'Backup successful: ESCADARONDAS_UTE#RONDAS#SCADA#WINCC74_ALG_201811221156 !' finalizado con óxito;;"
"22/11/18;01:13:25 PM;Tunel Vila Olimpica 1:   Fallo Comunicación;VilaOlimp1;"
"22/11/18;01:13:13 PM;Tunel Vila Olimpica 1:   Fallo Comunicación;VilaOlimp1;"
"22/11/18;01:10:55 PM;Tunel Pla de Palau:    Fallo Comunicación;Pla Palau;"
"22/11/18;01:08:25 PM;Tunel Vila Olimpica 1:   Fallo Comunicación;VilaOlimp1;"
"22/11/18;01:02:59 PM;Tunel Vila Olimpica 1:   Fallo Comunicación;VilaOlimp1;"
"22/11/18;12:59:21 PM;Tunel Poble Nou:     Fallo Comunicación;Poble Nou;"
"22/11/18;12:58:15 PM;Tunel Vila Olimpica 1:   Fallo Comunicación;VilaOlimp1;"
"22/11/18;12:58:11 PM;Tunel Vila Olimpica 1 (Analizador2):    Frecuencia excesiva.;VilaOlimp1;"
"22/11/18;12:58:11 PM;Tunel Vila Olimpica 1 (Analizador2):    Tensión UL-N excesiva.;VilaOlimp1;"
"22/11/18;12:58:11 PM;Tunel Vila Olimpica 1 (Analizador2):    Tensión UL-L excesiva.;VilaOlimp1;"
"22/11/18;12:58:11 PM;Tunel Vila Olimpica 1 (Analizador2):    Corriente UL1 excesiva.;VilaOlimp1;"
"22/11/18;12:58:11 PM;Tunel Vila Olimpica 1 (Analizador2):    Corriente UL2 excesiva.;VilaOlimp1;"
"22/11/18;12:58:11 PM;Tunel Vila Olimpica 1 (Analizador2):    Corriente UL3 excesiva.;VilaOlimp1;"
"22/11/18;12:58:11 PM;Tunel Vila Olimpica 1 (Analizador1):    Potencia Reactiva excesiva.;VilaOlimp1;"
"22/11/18;12:58:11 PM;Tunel Vila Olimpica 1 (Analizador1):    Factor de potencia excesivo.;VilaOlimp1;"
"22/11/18;12:58:10 PM;Tunel Vila Olimpica 1 (Analizador2):    Potencia Aparente excesiva.;VilaOlimp1;"
"22/11/18;12:58:10 PM;Tunel Vila Olimpica 1 (Analizador2):    Potencia Aparente bajo mónimos.;VilaOlimp1;"
"22/11/18;12:58:10 PM;Tunel Vila Olimpica 1 (Analizador2):    Potencia Activa excesiva.;VilaOlimp1;"
"22/11/18;12:58:10 PM;Tunel Vila Olimpica 1 (Analizador2):    Potencia Reactiva excesiva.;VilaOlimp1;"
"22/11/18;12:58:10 PM;Tunel Vila Olimpica 1:   Fallo Comunicación;VilaOlimp1;"
"22/11/18;12:58:04 PM;Tunel Vila Olimpica 1 (Analizador2):    Factor de potencia excesivo.;VilaOlimp1;"
"22/11/18;12:57:57 PM;AM:ESCADARONDAS:Backup de medios 'Backup successful: ESCADARONDAS_UTE#RONDAS#SCADA#WINCC74_ALG_201811220754_201811221151 !' finalizado con óxito;;"
"22/11/18;12:56:00 PM;WCCRT:ESCADARONDAS:Runtime activado en ESCADARONDAS;;"
"22/11/18;12:55:56 PM;REDRT:ESCADARONDAS:RedundancyControl: cambio al estado Standalone;;"
"22/11/18;12:51:25 PM;WCCRT:ESCADARONDAS:Runtime desactivado en ESCADARONDAS;;"
"22/11/18;12:49:29 PM;Tunel Baró de Viver:    Fallo Comunicación;Baro Viver;"
"22/11/18;12:49:17 PM;Tunel Baró de Viver:    Fallo Comunicación;Baro Viver;"
"22/11/18;12:48:02 PM;Tunel Vila Olimpica 1:   Fallo Comunicación;VilaOlimp1;"
"22/11/18;12:43:09 PM;Tunel Vila Olimpica 1:   Fallo Comunicación;VilaOlimp1;"
"22/11/18;12:43:00 PM;Tunel Vila Olimpica 1:   Fallo Comunicación;VilaOlimp1;"
"22/11/18;12:38:13 PM;Tunel Vila Olimpica 1:   Fallo Comunicación;VilaOlimp1;"
"22/11/18;12:37:58 PM;Tunel Vila Olimpica 1:   Fallo Comunicación;VilaOlimp1;"
"22/11/18;12:36:45 PM;Tunel Pla de Palau:    Fallo Comunicación;Pla Palau;"
"22/11/18;12:33:06 PM;Tunel Vila Olimpica 1:   Fallo Comunicación;VilaOlimp1;"
"22/11/18;12:32:56 PM;Tunel Vila Olimpica 1:   Fallo Comunicación;VilaOlimp1;"
"22/11/18;12:28:35 PM;Tunel San Feliu:    Fallo Comunicación;San Feliu;"
"22/11/18;12:28:03 PM;Tunel Vila Olimpica 1:   Fallo Comunicación;VilaOlimp1;"
"22/11/18;12:27:54 PM;Tunel Vila Olimpica 1:   Fallo Comunicación;VilaOlimp1;"
"22/11/18;12:23:00 PM;Tunel Vila Olimpica 1:   Fallo Comunicación;VilaOlimp1;"
"22/11/18;12:13:16 PM;Tunel Vila Olimpica 1:   Fallo Comunicación;VilaOlimp1;"
"22/11/18;12:12:58 PM;Tunel Vila Olimpica 1:   Fallo Comunicación;VilaOlimp1;"
"22/11/18;12:12:26 PM;Tunel Baró de Viver:    Fallo Comunicación;Baro Viver;"
"22/11/18;12:12:14 PM;Tunel Baró de Viver:    Fallo Comunicación;Baro Viver;"
"22/11/18;12:08:30 PM;Tunel Collserola:    Fallo Comunicacion;Collserola;"
"22/11/18;12:07:14 PM;Tunel Collserola:    Fallo Comunicacion;Collserola;"
"22/11/18;12:02:44 PM;Tunel Vila Olimpica 1:   Fallo Comunicación;VilaOlimp1;"
"22/11/18;11:58:10 AM;Tunel Vila Olimpica 1:   Fallo Comunicación;VilaOlimp1;"
"22/11/18;11:54:24 AM;Pozo 9:    Fallo Comunicación;Pozo 9;"
"22/11/18;11:51:15 AM;Tunel Vila Olimpica 1:   Fallo Comunicación;VilaOlimp1;"
"22/11/18;11:50:57 AM;Tunel Vila Olimpica 1:   Fallo Comunicación;VilaOlimp1;"
"22/11/18;11:48:26 AM;Pozo 9:    Fallo Comunicación;Pozo 9;"
"22/11/18;11:47:28 AM;Tunel Baró de Viver:    Fallo Comunicación;Baro Viver;"
"22/11/18;11:47:16 AM;Tunel Baró de Viver:    Fallo Comunicación;Baro Viver;"
"22/11/18;11:44:30 AM;Tunel Vila Olimpica 1:   Fallo Comunicación;VilaOlimp1;"
"22/11/18;11:44:16 AM;Tunel Vila Olimpica 1:   Fallo Comunicación;VilaOlimp1;"
"22/11/18;11:44:07 AM;Tunel Vila Olimpica 1:   Fallo Comunicación;VilaOlimp1;"
"22/11/18;11:42:51 AM;Tunel Vila Olimpica 1 (Analizador1):    Potencia Reactiva excesiva.;VilaOlimp1;"
"22/11/18;11:42:48 AM;Tunel Vila Olimpica 1 (Analizador2):    Potencia Reactiva excesiva.;VilaOlimp1;"
"22/11/18;11:39:05 AM;Tunel Vila Olimpica 1:   Fallo Comunicación;VilaOlimp1;"
"22/11/18;11:37:48 AM;Pozo 9:    Fallo Comunicación;Pozo 9;"
"22/11/18;11:37:29 AM;Tunel Pla de Palau:    Fallo Comunicación;Pla Palau;"
"22/11/18;11:34:20 AM;Tunel Vila Olimpica 1:   Fallo Comunicación;VilaOlimp1;"
"22/11/18;11:34:12 AM;Tunel Vila Olimpica 1:   Fallo Comunicación;VilaOlimp1;"
"22/11/18;11:34:10 AM;Tunel Vila Olimpica 1:   Fallo Comunicación;VilaOlimp1;"
"22/11/18;11:29:01 AM;Tunel Vila Olimpica 1:   Fallo Comunicación;VilaOlimp1;"
"22/11/18;11:27:50 AM;Pozo 9:    Fallo Comunicación;Pozo 9;"
"22/11/18;11:26:26 AM;Pozo 8:    Fallo Comunicación;Pozo 8;"
"22/11/18;11:24:54 AM;Tunel San Feliu:    Fallo Comunicación;San Feliu;"
"22/11/18;11:24:43 AM;Tunel San Feliu:    Fallo Comunicación;San Feliu;"
"22/11/18;11:24:30 AM;Pozo 7:    Fallo Comunicación;Pozo 7;"
"22/11/18;11:23:59 AM;Tunel Vila Olimpica 1:   Fallo Comunicación;VilaOlimp1;"
"22/11/18;11:20:56 AM;Pozo 8:    Fallo Comunicación;Pozo 8;"
"22/11/18;11:18:58 AM;Tunel Vila Olimpica 1:   Fallo Comunicación;VilaOlimp1;"
"22/11/18;11:18:57 AM;Tunel Vila Olimpica 1:   Fallo Comunicación;VilaOlimp1;"
"22/11/18;11:17:59 AM;Pozo 8:    Fallo Comunicación;Pozo 8;"
"22/11/18;11:17:22 AM;Tunel Baró de Viver:    Fallo Comunicación;Baro Viver;"
"22/11/18;11:17:06 AM;Tunel Baró de Viver:    Fallo Comunicación;Baro Viver;"
"22/11/18;11:16:28 AM;Tunel Vila Olimpica 1:   Fallo Comunicación;VilaOlimp1;"
"22/11/18;11:16:00 AM;Pozo 7:    Fallo Comunicación;Pozo 7;"
"22/11/18;11:12:42 AM;Tunel Pla de Palau:    Fallo Comunicación;Pla Palau;"
"22/11/18;11:08:54 AM;Tunel Pla de Palau:    Fallo Comunicación;Pla Palau;"
"22/11/18;11:08:42 AM;Pozo 8:    Fallo Comunicación;Pozo 8;"
"22/11/18;11:06:31 AM;Tunel Maquinista:    Fallo Comunicación;Maquinista;"
"22/11/18;11:03:44 AM;Tunel Vila Olimpica 1:   Fallo Comunicación;VilaOlimp1;"
"22/11/18;11:03:30 AM;Tunel Vila Olimpica 1:   Fallo Comunicación;VilaOlimp1;"
"22/11/18;10:58:28 AM;Pozo 5:    Fallo Comunicación;Pozo 5;"
"22/11/18;10:55:00 AM;Pozo 5:    Fallo Comunicación;Pozo 5;"
"22/11/18;10:52:30 AM;Tunel Vila Olimpica 1:   Fallo Comunicación;VilaOlimp1;"
"22/11/18;10:52:18 AM;Tunel Vila Olimpica 1:   Fallo Comunicación;VilaOlimp1;"
"22/11/18;10:52:16 AM;Tunel Vila Olimpica 1:   Fallo Comunicación;VilaOlimp1;"
"22/11/18;10:52:09 AM;USERT:ESCADARONDAS:Inicio de sesión manual;;Rafa"
"22/11/18;10:51:20 AM;Tunel Vila Olimpica 1:   Fallo Comunicación;VilaOlimp1;"
"22/11/18;10:51:17 AM;Tunel Vila Olimpica 1:   Fallo Comunicación;VilaOlimp1;"
"22/11/18;10:50:17 AM;AM:ESCADARONDAS:Backup de medios 'Backup successful: ESCADARONDAS_UTE#RONDAS#SCADA#WINCC74_ALG_201811220935 !' finalizado con óxito;;"
"22/11/18;10:49:36 AM;Tunel Pla de Palau:    Fallo Comunicación;Pla Palau;"
"22/11/18;10:48:58 AM;Pozo 8:    Fallo Comunicación;Pozo 8;"
"22/11/18;10:46:28 AM;Tunel Vila Olimpica 1:   Fallo Comunicación;VilaOlimp1;"
"22/11/18;10:45:17 AM;AM:ESCADARONDAS:Backup de medios 'Backup successful: ESCADARONDAS_UTE#RONDAS#SCADA#WINCC74_ALG_201811220930 !' finalizado con óxito;;"
"22/11/18;10:43:40 AM;AM:ESCADARONDAS:Backup de medios 'Backup successful: ESCADARONDAS_UTE#RONDAS#SCADA#WINCC74_ALG_201811220928 !' finalizado con óxito;;"
"22/11/18;10:43:24 AM;AM:ESCADARONDAS:Backup de medios 'Backup successful: ESCADARONDAS_UTE#RONDAS#SCADA#WINCC74_ALG_201811220833 !' finalizado con óxito;;"
"22/11/18;10:43:02 AM;Tunel Media Poble Nou:     Fallo Comunicación;MPoble Nou;"
"22/11/18;10:41:04 AM;Pozo 8:    Fallo Comunicación;Pozo 8;"
"22/11/18;10:41:00 AM;Tunel Vila Olimpica 1:   Fallo Comunicación;VilaOlimp1;"
"22/11/18;10:40:46 AM;Tunel Vila Olimpica 1:   Fallo Comunicación;VilaOlimp1;"
"22/11/18;10:38:39 AM;Tunel Vila Olimpica 1 (Analizador2):    Potencia Reactiva bajo mónimos.;VilaOlimp1;"
"22/11/18;10:38:03 AM;Tunel Maquinista:    Alarma Intrusion;Maquinista;"
"22/11/18;10:37:53 AM;Tunel Maquinista:    Alarma Intrusion;Maquinista;"
"22/11/18;10:35:45 AM;Tunel Baró de Viver:    Fallo Comunicación;Baro Viver;"
"22/11/18;10:35:31 AM;Tunel Baró de Viver:    Fallo Comunicación;Baro Viver;"
"22/11/18;10:34:43 AM;Tunel Poble Nou:     Fallo Comunicación;Poble Nou;"
"22/11/18;10:29:45 AM;Pozo 8:    Fallo Comunicación;Pozo 8;"
"22/11/18;10:27:43 AM;Tunel Pla de Palau:    Fallo Comunicación;Pla Palau;"
"22/11/18;10:26:49 AM;Tunel Vila Olimpica 1:   Fallo Comunicación;VilaOlimp1;"
"22/11/18;10:26:21 AM;Tunel Vila Olimpica 1:   Fallo Comunicación;VilaOlimp1;"
"22/11/18;10:24:03 AM;Tunel Vila Olimpica 1:   Fallo Comunicación;VilaOlimp1;"
"22/11/18;10:23:37 AM;Tunel Vila Olimpica 1:   Fallo Comunicación;VilaOlimp1;"
"22/11/18;10:23:27 AM;Pozo 8:    Fallo Comunicación;Pozo 8;"
"22/11/18;10:18:31 AM;Tunel Vila Olimpica 1:   Fallo Comunicación;VilaOlimp1;"
"22/11/18;10:18:11 AM;Tunel Vila Olimpica 1:   Fallo Comunicación;VilaOlimp1;"
"22/11/18;10:16:45 AM;Tunel Vila Olimpica 1:   Fallo Comunicación;VilaOlimp1;"
"22/11/18;10:16:31 AM;Tunel Vila Olimpica 1:   Fallo Comunicación;VilaOlimp1;"
"22/11/18;10:16:17 AM;Tunel Vila Olimpica 1:   Fallo Comunicación;VilaOlimp1;"
"22/11/18;10:13:19 AM;Pozo 8:    Fallo Comunicación;Pozo 8;"
"22/11/18;10:11:27 AM;Tunel Vila Olimpica 1:   Fallo Comunicación;VilaOlimp1;"
"22/11/18;10:09:10 AM;Tunel Maquinista:    Alarma Intrusion;Maquinista;"
"22/11/18;10:09:05 AM;Tunel Maquinista:    Alarma Intrusion;Maquinista;"
"22/11/18;10:04:51 AM;Tunel Pla de Palau:    Fallo Comunicación;Pla Palau;"
"22/11/18;10:00:37 AM;Tunel Vila Olimpica 1:   Fallo Comunicación;VilaOlimp1;"
"22/11/18;10:00:17 AM;Tunel Vila Olimpica 1:   Fallo Comunicación;VilaOlimp1;"
"22/11/18;09:57:42 AM;Tunel Pla de Palau:    Fallo Comunicación;Pla Palau;"
"22/11/18;09:57:29 AM;Tunel Poble Nou:     Fallo Comunicación;Poble Nou;"
"22/11/18;09:54:13 AM;Tunel Vila Olimpica 1 (Analizador1):    Potencia Reactiva bajo mónimos.;VilaOlimp1;"
"22/11/18;09:54:10 AM;Tunel Vila Olimpica 1 (Analizador1):    Factor de potencia excesivo.;VilaOlimp1;"
"22/11/18;09:54:01 AM;Tunel Vila Olimpica 1 (Analizador2):    Potencia Aparente excesiva.;VilaOlimp1;"
"22/11/18;09:53:58 AM;Tunel Vila Olimpica 1 (Analizador2):    Potencia Aparente bajo mónimos.;VilaOlimp1;"
"22/11/18;09:53:55 AM;Tunel Vila Olimpica 1 (Analizador2):    Potencia Activa excesiva.;VilaOlimp1;"
"22/11/18;09:53:52 AM;Tunel Vila Olimpica 1 (Analizador2):    Factor de potencia excesivo.;VilaOlimp1;"
"22/11/18;09:53:49 AM;Tunel Vila Olimpica 1 (Analizador2):    Frecuencia excesiva.;VilaOlimp1;"
"22/11/18;09:53:46 AM;Tunel Vila Olimpica 1 (Analizador2):    Tensión UL-N excesiva.;VilaOlimp1;"
"22/11/18;09:53:43 AM;Tunel Vila Olimpica 1 (Analizador2):    Tensión UL-L excesiva.;VilaOlimp1;"
"22/11/18;09:53:40 AM;Tunel Vila Olimpica 1 (Analizador2):    Corriente UL1 excesiva.;VilaOlimp1;"
"22/11/18;09:53:37 AM;Tunel Vila Olimpica 1:   Fallo Comunicación;VilaOlimp1;"
"22/11/18;09:53:36 AM;Tunel Vila Olimpica 1 (Analizador2):    Corriente UL2 excesiva.;VilaOlimp1;"
"22/11/18;09:53:33 AM;Tunel Vila Olimpica 1 (Analizador2):    Corriente UL3 excesiva.;VilaOlimp1;"
"22/11/18;09:53:26 AM;Tunel Vila Olimpica 1:   Fallo Comunicación;VilaOlimp1;"
"22/11/18;09:52:15 AM;Pozo 9:    Fallo Comunicación;Pozo 9;"
"22/11/18;09:47:49 AM;Tunel Vila Olimpica 1:   Fallo Comunicación;VilaOlimp1;"
"22/11/18;09:47:25 AM;Tunel Vila Olimpica 1:   Fallo Comunicación;VilaOlimp1;"
"22/11/18;09:46:25 AM;Tunel Pla de Palau:    Fallo Comunicación;Pla Palau;"
"22/11/18;09:43:43 AM;Pozo 7:    Fallo Comunicación;Pozo 7;"
"22/11/18;09:43:17 AM;Tunel Vila Olimpica 1:   Fallo Comunicación;VilaOlimp1;"
"22/11/18;09:42:50 AM;WEBRT:RONDAS-PC:WebClient RONDAPC009 - conexión desconectada (Usuario=Wincc);;"
"22/11/18;09:42:07 AM;Tunel Maquinista:    Alarma Intrusion;Maquinista;"
"22/11/18;09:41:44 AM;Tunel Maquinista:    Alarma Intrusion;Maquinista;"
"22/11/18;09:41:37 AM;Pozo 8:    Fallo Comunicación;Pozo 8;"
"22/11/18;09:41:35 AM;Pozo 8:    Fallo Comunicación;Pozo 8;"
"22/11/18;09:40:08 AM;Pozo 3:    Fallo Comunicación;Pozo 3;"
"22/11/18;09:39:55 AM;Tunel Poble Nou:     Fallo Comunicación;Poble Nou;"
"22/11/18;09:39:37 AM;Tunel Can Clota:    Fallo Comunicación;Can Clota;"
"22/11/18;09:39:35 AM;Tunel Autogeneracion:    Fallo Comunicación;Autogenera;"
"22/11/18;09:39:31 AM;Pozo 10:     Fallo Comunicación;Pozo 10;"
"22/11/18;09:39:03 AM;Pozo 6:    Fallo comunicaciones;Pozo 6;"
"22/11/18;09:38:59 AM;Pozo 11:     Fallo Comunicación;Pozo 11;"
"22/11/18;09:38:47 AM;Tunel Vila Olimpica 1:   Fallo Comunicación;VilaOlimp1;"
"22/11/18;09:38:35 AM;Pozo 2:     Fallo Comunicación;Pozo 2;"
"22/11/18;09:37:59 AM;Pozo 5:    Fallo Comunicación;Pozo 5;"
"22/11/18;09:37:59 AM;Tunel Nus Trinitat:    Fallo Comunicación;Nus Trinit;"
"22/11/18;09:37:58 AM;Tunel San Feliu:    Fallo Comunicación;San Feliu;"
"22/11/18;09:37:58 AM;Tunel Bon Pastor:    Fallo Comunicación;Bon Pastor;"
"22/11/18;09:37:58 AM;Tunel Forum:    Fallo Comunicación;Forum;"
"22/11/18;09:37:57 AM;Tunel Pla de Palau:    Fallo Comunicación;Pla Palau;"
"22/11/18;09:37:10 AM;Tunel Vila Olimpica 1:   Fallo Comunicación;VilaOlimp1;"
"22/11/18;09:37:04 AM;Tunel Baró de Viver:    Fallo Comunicación;Baro Viver;"
"22/11/18;09:35:09 AM;AM:ESCADARONDAS:Backup de medios 'Backup successful: ESCADARONDAS_UTE#RONDAS#SCADA#WINCC74_ALG_201810080000_201811220827 !' finalizado con óxito;;"
"22/11/18;09:33:14 AM;WCCRT:ESCADARONDAS:Runtime activado en ESCADARONDAS;;"
"22/11/18;09:33:08 AM;REDRT:ESCADARONDAS:RedundancyControl: cambio al estado Standalone;;"
"22/11/18;09:27:39 AM;WCCRT:ESCADARONDAS:Runtime desactivado en ESCADARONDAS;;"
"22/11/18;09:23:05 AM;Tunel Collserola:    Fallo Comunicacion;Collserola;"
"22/11/18;09:22:52 AM;AM:ESCADARONDAS:Backup de medios 'Backup successful: ESCADARONDAS_UTE#RONDAS#SCADA#WINCC74_ALG_201810080000_201811220818 !' finalizado con óxito;;"
"22/11/18;09:21:08 AM;WCCRT:ESCADARONDAS:Runtime activado en ESCADARONDAS;;"
"22/11/18;09:21:04 AM;REDRT:ESCADARONDAS:RedundancyControl: cambio al estado Standalone;;"
"22/11/18;09:18:47 AM;WCCRT:ESCADARONDAS:Runtime desactivado en ESCADARONDAS;;"
"22/11/18;09:12:41 AM;AM:ESCADARONDAS:Backup de medios 'Backup successful: ESCADARONDAS_UTE#RONDAS#SCADA#WINCC74_TLG_F_201811202301_201811212301 !' finalizado con óxito;;"
"22/11/18;09:12:24 AM;AM:ESCADARONDAS:Backup de medios 'Backup successful: ESCADARONDAS_UTE#RONDAS#SCADA#WINCC74_TLG_F_201811192301_201811202301 !' finalizado con óxito;;"
"22/11/18;09:12:06 AM;AM:ESCADARONDAS:Backup de medios 'Backup successful: ESCADARONDAS_UTE#RONDAS#SCADA#WINCC74_TLG_F_201811191049_201811192301 !' finalizado con óxito;;"
"22/11/18;09:10:40 AM;Tunel Vila Olimpica 1 (Analizador2):    Potencia Reactiva excesiva.;VilaOlimp1;"
"22/11/18;09:09:10 AM;Tunel Vila Olimpica 1 (Analizador2):    Factor de potencia excesivo.;VilaOlimp1;"
"22/11/18;09:09:10 AM;Tunel Vila Olimpica 1 (Analizador2):    Potencia Reactiva excesiva.;VilaOlimp1;"
"22/11/18;09:09:10 AM;Tunel Vila Olimpica 1 (Analizador2):    Potencia Activa excesiva.;VilaOlimp1;"
"22/11/18;09:09:10 AM;Tunel Vila Olimpica 1 (Analizador2):    Potencia Aparente bajo mónimos.;VilaOlimp1;"
"22/11/18;09:09:10 AM;Tunel Vila Olimpica 1 (Analizador2):    Potencia Aparente excesiva.;VilaOlimp1;"
"22/11/18;09:08:54 AM;Tunel Vila Olimpica 1 (Analizador1):    Factor de potencia excesivo.;VilaOlimp1;"
"22/11/18;09:08:54 AM;Tunel Vila Olimpica 1 (Analizador1):    Potencia Reactiva excesiva.;VilaOlimp1;"
"22/11/18;09:06:53 AM;Pozo 9:    Fallo Comunicación;Pozo 9;"
"22/11/18;09:06:53 AM;Pozo 6:    Fallo comunicaciones;Pozo 6;"
"22/11/18;09:06:53 AM;Pozo 5:    Fallo Comunicación;Pozo 5;"
"22/11/18;09:06:53 AM;Pozo 2:     Fallo Comunicación;Pozo 2;"
"22/11/18;09:06:53 AM;Pozo 11:     Fallo Comunicación;Pozo 11;"
"22/11/18;09:06:53 AM;Tunel Maquinista:    Fallo Comunicación;Maquinista;"
"22/11/18;09:06:53 AM;Tunel Forum:    Fallo Comunicación;Forum;"
"22/11/18;09:06:53 AM;Tunel Bon Pastor:    Fallo Comunicación;Bon Pastor;"
"22/11/18;09:06:53 AM;Tunel Autogeneracion:    Fallo Comunicación;Autogenera;"
"22/11/18;09:06:52 AM;Tunel Morrot:    Fallo Comunicación;Morrot;"
"22/11/18;09:06:52 AM;Tunel Baró de Viver:    Fallo Comunicación;Baro Viver;"
"22/11/18;09:06:52 AM;Tunel Pla de Palau:    Fallo Comunicación;Pla Palau;"
"22/11/18;09:06:52 AM;Pozo 3:    Fallo Comunicación;Pozo 3;"
"22/11/18;09:06:52 AM;Pozo 7:    Fallo Comunicación;Pozo 7;"
"22/11/18;09:06:52 AM;Pozo 10:     Fallo Comunicación;Pozo 10;"
"22/11/18;09:06:52 AM;Tunel San Feliu:    Fallo Comunicación;San Feliu;"
"22/11/18;09:06:52 AM;Tunel Nus Trinitat:    Fallo Comunicación;Nus Trinit;"
"22/11/18;09:06:52 AM;Tunel Can Clota:    Fallo Comunicación;Can Clota;"
"22/11/18;09:06:17 AM;Tunel Collserola:    Fallo Comunicacion;Collserola;"
"22/11/18;09:02:21 AM;WCCRT:ESCADARONDAS:Runtime activado en ESCADARONDAS;;"
"22/11/18;09:02:14 AM;REDRT:ESCADARONDAS:RedundancyControl: cambio al estado Standalone;;"
"22/11/18;08:55:03 AM;Tunel Vila Olimpica 1 (Analizador2):    Potencia Reactiva excesiva.;VilaOlimp1;"
"22/11/18;08:54:46 AM;Tunel Vila Olimpica 1 (Analizador1):    Potencia Reactiva excesiva.;VilaOlimp1;"
"22/11/18;08:49:35 AM;Tunel Vila Olimpica 1:   Fallo Comunicación;VilaOlimp1;"
"22/11/18;08:46:25 AM;Tunel Poble Nou:     Fallo Comunicación;Poble Nou;"
"22/11/18;08:43:27 AM;Tunel Vila Olimpica 1:   Fallo Comunicación;VilaOlimp1;"
"22/11/18;08:43:21 AM;Tunel Vila Olimpica 1:   Fallo Comunicación;VilaOlimp1;"
"22/11/18;08:41:10 AM;Tunel Vila Olimpica 1 (Analizador2):    Potencia Reactiva bajo mónimos.;VilaOlimp1;"
"22/11/18;08:41:10 AM;Tunel Vila Olimpica 1 (Analizador2):    Potencia Reactiva excesiva.;VilaOlimp1;"
"22/11/18;08:40:54 AM;Tunel Vila Olimpica 1 (Analizador1):    Potencia Reactiva excesiva.;VilaOlimp1;"
"22/11/18;08:39:53 AM;WCCRT:ESCADARONDAS:Runtime desactivado en ESCADARONDAS;;"
"22/11/18;08:39:39 AM;Tunel Poble Nou:     Fallo Comunicación;Poble Nou;"
"22/11/18;08:39:37 AM;Tunel Media Poble Nou:     Fallo Comunicación;MPoble Nou;"
"22/11/18;08:39:02 AM;Tunel Vila Olimpica 1 (Analizador2):    Potencia Reactiva excesiva.;VilaOlimp1;"
"22/11/18;08:38:46 AM;Tunel Vila Olimpica 1 (Analizador1):    Potencia Reactiva excesiva.;VilaOlimp1;"
"22/11/18;08:37:10 AM;AM:ESCADARONDAS:Backup de medios 'Backup successful: ESCADARONDAS_UTE#RONDAS#SCADA#WINCC74_ALG_201811220721 !' finalizado con óxito;;"
"22/11/18;08:36:53 AM;AM:ESCADARONDAS:Backup de medios 'Backup successful: ESCADARONDAS_UTE#RONDAS#SCADA#WINCC74_ALG_201811201159 !' finalizado con óxito;;"
"22/11/18;08:36:36 AM;AM:ESCADARONDAS:Backup de medios 'Backup successful: ESCADARONDAS_UTE#RONDAS#SCADA#WINCC74_ALG_201811211159 !' finalizado con óxito;;"
"22/11/18;08:36:18 AM;AM:ESCADARONDAS:Backup de medios 'Backup successful: ESCADARONDAS_UTE#RONDAS#SCADA#WINCC74_ALG_201811191730 !' finalizado con óxito;;"
"22/11/18;08:36:05 AM;Tunel Vila Olimpica 1:   Fallo Comunicación;VilaOlimp1;"
"22/11/18;08:35:54 AM;Tunel Vila Olimpica 1:   Fallo Comunicación;VilaOlimp1;"
"22/11/18;08:34:51 AM;Tunel Pla de Palau:    Fallo Comunicación;Pla Palau;"
"22/11/18;08:34:45 AM;Tunel Vila Olimpica 1:   Fallo Comunicación;VilaOlimp1;"
"22/11/18;08:34:33 AM;Tunel Vila Olimpica 1:   Fallo Comunicación;VilaOlimp1;"
"22/11/18;08:34:01 AM;Tunel Baró de Viver:    Fallo Comunicación;Baro Viver;"
"22/11/18;08:33:53 AM;Pozo 8:    Fallo Comunicación;Pozo 8;"
"22/11/18;08:33:47 AM;Tunel Baró de Viver:    Fallo Comunicación;Baro Viver;"
"22/11/18;08:27:12 AM;Tunel Vila Olimpica 1:   Fallo Comunicación;VilaOlimp1;"
"22/11/18;08:26:40 AM;Tunel Vila Olimpica 1:   Fallo Comunicación;VilaOlimp1;"
"22/11/18;08:26:09 AM;Pozo 8:    Fallo Comunicación;Pozo 8;"
"22/11/18;08:20:03 AM;Pozo 8:    Fallo Comunicación;Pozo 8;"
"22/11/18;08:19:35 AM;Tunel Vila Olimpica 1:   Fallo Comunicación;VilaOlimp1;"
"22/11/18;08:18:11 AM;Tunel Vila Olimpica 1:   Fallo Comunicación;VilaOlimp1;"
"22/11/18;08:14:32 AM;Tunel Vila Olimpica 1 (Analizador1):    Potencia Reactiva bajo mónimos.;VilaOlimp1;"
"22/11/18;08:12:30 AM;Tunel Vila Olimpica 1 (Analizador2):    Corriente UL3 excesiva.;VilaOlimp1;"
"22/11/18;08:12:30 AM;Tunel Vila Olimpica 1 (Analizador2):    Corriente UL2 excesiva.;VilaOlimp1;"
"22/11/18;08:12:30 AM;Tunel Vila Olimpica 1 (Analizador2):    Corriente UL1 excesiva.;VilaOlimp1;"
"22/11/18;08:12:30 AM;Tunel Vila Olimpica 1 (Analizador2):    Tensión UL-L excesiva.;VilaOlimp1;"
"22/11/18;08:12:30 AM;Tunel Vila Olimpica 1 (Analizador2):    Tensión UL-N excesiva.;VilaOlimp1;"
"22/11/18;08:12:30 AM;Tunel Vila Olimpica 1 (Analizador2):    Frecuencia excesiva.;VilaOlimp1;"
"22/11/18;08:12:30 AM;Tunel Vila Olimpica 1 (Analizador2):    Corriente UL3 excesiva.;VilaOlimp1;"
"22/11/18;08:12:30 AM;Tunel Vila Olimpica 1 (Analizador2):    Corriente UL2 excesiva.;VilaOlimp1;"
"22/11/18;08:12:30 AM;Tunel Vila Olimpica 1 (Analizador2):    Corriente UL1 excesiva.;VilaOlimp1;"
"22/11/18;08:12:30 AM;Tunel Vila Olimpica 1 (Analizador2):    Tensión UL-L excesiva.;VilaOlimp1;"
"22/11/18;08:12:30 AM;Tunel Vila Olimpica 1 (Analizador2):    Tensión UL-N excesiva.;VilaOlimp1;"
"22/11/18;08:12:30 AM;Tunel Vila Olimpica 1 (Analizador2):    Frecuencia excesiva.;VilaOlimp1;"
"22/11/18;08:12:30 AM;Tunel Vila Olimpica 1 (Analizador2):    Factor de potencia excesivo.;VilaOlimp1;"
"22/11/18;08:12:30 AM;Tunel Vila Olimpica 1 (Analizador2):    Potencia Reactiva excesiva.;VilaOlimp1;"
"22/11/18;08:12:30 AM;Tunel Vila Olimpica 1 (Analizador2):    Potencia Activa excesiva.;VilaOlimp1;"
"22/11/18;08:12:30 AM;Tunel Vila Olimpica 1 (Analizador2):    Potencia Aparente bajo mónimos.;VilaOlimp1;"
"22/11/18;08:12:30 AM;Tunel Vila Olimpica 1 (Analizador2):    Potencia Aparente excesiva.;VilaOlimp1;"
"22/11/18;08:12:30 AM;Tunel Vila Olimpica 1 (Analizador1):    Factor de potencia excesivo.;VilaOlimp1;"
"22/11/18;08:12:30 AM;Tunel Vila Olimpica 1 (Analizador1):    Potencia Reactiva bajo mónimos.;VilaOlimp1;"
"22/11/18;08:11:43 AM;Tunel Pla de Palau:    Fallo Comunicación;Pla Palau;"
"22/11/18;08:10:03 AM;Tunel Vila Olimpica 1:   Fallo Comunicación;VilaOlimp1;"
"22/11/18;08:09:51 AM;Tunel Vila Olimpica 1:   Fallo Comunicación;VilaOlimp1;"
"22/11/18;08:07:23 AM;Tunel Vila Olimpica 1:   Fallo Comunicación;VilaOlimp1;"
"22/11/18;08:07:18 AM;Tunel Vila Olimpica 1:   Fallo Comunicación;VilaOlimp1;"
"22/11/18;08:03:59 AM;Pozo 8:    Fallo Comunicación;Pozo 8;"
"22/11/18;08:02:41 AM;Tunel Poble Nou:     Fallo Comunicación;Poble Nou;"
"22/11/18;08:02:37 AM;Tunel Vila Olimpica 1:   Fallo Comunicación;VilaOlimp1;"
"22/11/18;08:02:23 AM;Tunel Vila Olimpica 1:   Fallo Comunicación;VilaOlimp1;"
"22/11/18;07:58:33 AM;Tunel Vila Olimpica 1:   Fallo Comunicación;VilaOlimp1;"
"22/11/18;07:58:03 AM;Pozo 8:    Fallo Comunicación;Pozo 8;"
"22/11/18;07:53:37 AM;Tunel Vila Olimpica 1:   Fallo Comunicación;VilaOlimp1;"
"22/11/18;07:53:29 AM;Tunel Poble Nou:     Fallo Comunicación;Poble Nou;"
"22/11/18;07:41:35 AM;Tunel Vila Olimpica 1:   Fallo Comunicación;VilaOlimp1;"
"22/11/18;07:41:19 AM;Tunel Vila Olimpica 1:   Fallo Comunicación;VilaOlimp1;"
"22/11/18;07:40:51 AM;Tunel Poble Nou:     Fallo Comunicación;Poble Nou;"
"22/11/18;07:38:09 AM;Tunel Poble Nou:     Fallo Comunicación;Poble Nou;"
"22/11/18;07:36:46 AM;Tunel Vila Olimpica 1 (Analizador1):    Potencia Reactiva bajo mónimos.;VilaOlimp1;"
"22/11/18;07:36:03 AM;Tunel Forum:    Fallo Comunicación;Forum;"
"22/11/18;07:35:51 AM;Tunel Forum:    Fallo Comunicación;Forum;"
"22/11/18;07:35:27 AM;Tunel Vila Olimpica 1:   Fallo Comunicación;VilaOlimp1;"
"22/11/18;07:35:13 AM;Tunel Vila Olimpica 1:   Fallo Comunicación;VilaOlimp1;"
"22/11/18;07:34:07 AM;Tunel Vila Olimpica 1:   Fallo Comunicación;VilaOlimp1;"
"22/11/18;07:33:39 AM;Tunel Vila Olimpica 1:   Fallo Comunicación;VilaOlimp1;"
"22/11/18;07:29:18 AM;Tunel Vila Olimpica 1 (Analizador2):    Potencia Reactiva excesiva.;VilaOlimp1;"
"22/11/18;07:28:57 AM;Tunel Vila Olimpica 1:   Fallo Comunicación;VilaOlimp1;"
"22/11/18;07:28:45 AM;Tunel Vila Olimpica 1:   Fallo Comunicación;VilaOlimp1;"
"22/11/18;07:25:33 AM;Tunel Vila Olimpica 1:   Fallo Comunicación;VilaOlimp1;"
"22/11/18;07:25:23 AM;Tunel Vila Olimpica 1:   Fallo Comunicación;VilaOlimp1;"
"22/11/18;07:25:02 AM;Tunel Vila Olimpica 1 (Analizador1):    Potencia Reactiva bajo mónimos.;VilaOlimp1;"
"22/11/18;07:23:09 AM;Tunel Vila Olimpica 1:   Fallo Comunicación;VilaOlimp1;"
"22/11/18;07:23:02 AM;Tunel Vila Olimpica 1 (Analizador2):    Potencia Reactiva excesiva.;VilaOlimp1;"
"22/11/18;07:22:53 AM;Tunel Vila Olimpica 1:   Fallo Comunicación;VilaOlimp1;"
"22/11/18;07:18:35 AM;Tunel Vila Olimpica 1:   Fallo Comunicación;VilaOlimp1;"
"22/11/18;07:18:29 AM;Tunel Vila Olimpica 1:   Fallo Comunicación;VilaOlimp1;"
"22/11/18;07:13:41 AM;Tunel Vila Olimpica 1:   Fallo Comunicación;VilaOlimp1;"
"22/11/18;07:13:29 AM;Tunel Vila Olimpica 1:   Fallo Comunicación;VilaOlimp1;"
"22/11/18;07:09:37 AM;Tunel Media Poble Nou:     Fallo Comunicación;MPoble Nou;"
"22/11/18;07:09:13 AM;Tunel Vila Olimpica 1:   Fallo Comunicación;VilaOlimp1;"
"22/11/18;07:08:57 AM;Tunel Vila Olimpica 1:   Fallo Comunicación;VilaOlimp1;"
"22/11/18;07:08:53 AM;WEBRT:RONDAS-PC:WebClient UTERONDESBCN05 - conexión desconectada (Usuario=operador);;"
"22/11/18;07:06:49 AM;Tunel Baró de Viver:    Fallo Comunicación;Baro Viver;"
"22/11/18;07:06:29 AM;Tunel Baró de Viver:    Fallo Comunicación;Baro Viver;"
"22/11/18;07:04:33 AM;Tunel Poble Nou:     Fallo Comunicación;Poble Nou;"
"22/11/18;07:01:39 AM;Tunel Vila Olimpica 1:   Fallo Comunicación;VilaOlimp1;"
"22/11/18;07:01:33 AM;Tunel Pla de Palau:    Fallo Comunicación;Pla Palau;"
"22/11/18;06:56:49 AM;Tunel Vila Olimpica 1:   Fallo Comunicación;VilaOlimp1;"
"22/11/18;06:54:41 AM;Tunel Autogeneracion:    Fallo Comunicación;Autogenera;"
"22/11/18;06:50:46 AM;Tunel Vila Olimpica 1 (Analizador2):    Corriente UL3 bajo mónimos.;VilaOlimp1;"
"22/11/18;06:50:46 AM;Tunel Vila Olimpica 1 (Analizador2):    Corriente UL2 bajo mónimos.;VilaOlimp1;"
"22/11/18;06:50:46 AM;Tunel Vila Olimpica 1 (Analizador2):    Corriente UL1 bajo mónimos.;VilaOlimp1;"
"22/11/18;06:50:46 AM;Tunel Vila Olimpica 1 (Analizador2):    Tensión UL-N bajo mónimos.;VilaOlimp1;"
"22/11/18;06:50:46 AM;Tunel Vila Olimpica 1 (Analizador2):    Frecuencia bajo mónimos.;VilaOlimp1;"
"22/11/18;06:50:46 AM;Tunel Vila Olimpica 1 (Analizador2):    Factor de potencia bajo mónimos.;VilaOlimp1;"
"22/11/18;06:50:46 AM;Tunel Vila Olimpica 1 (Analizador2):    Potencia Reactiva bajo mónimos.;VilaOlimp1;"
"22/11/18;06:50:46 AM;Tunel Vila Olimpica 1 (Analizador2):    Potencia Activa bajo mónimos.;VilaOlimp1;"
"22/11/18;06:50:46 AM;Tunel Vila Olimpica 1 (Analizador1):    Corriente UL3 bajo mónimos.;VilaOlimp1;"
"22/11/18;06:50:46 AM;Tunel Vila Olimpica 1 (Analizador1):    Corriente UL2 excesiva.;VilaOlimp1;"
"22/11/18;06:50:46 AM;Tunel Vila Olimpica 1 (Analizador1):    Corriente UL1 bajo mónimos.;VilaOlimp1;"
"22/11/18;06:50:46 AM;Tunel Vila Olimpica 1 (Analizador1):    Tensión UL-L bajo mónimos.;VilaOlimp1;"
"22/11/18;06:50:46 AM;Tunel Vila Olimpica 1 (Analizador1):    Factor de potencia bajo mónimos.;VilaOlimp1;"
"22/11/18;06:50:46 AM;Tunel Vila Olimpica 1 (Analizador1):    Potencia Reactiva bajo mónimos.;VilaOlimp1;"
"22/11/18;06:50:46 AM;Tunel Vila Olimpica 1 (Analizador1):    Potencia Activa bajo mónimos.;VilaOlimp1;"
"22/11/18;06:50:30 AM;Tunel Vila Olimpica 1 (Analizador2):    Corriente UL3 bajo mónimos.;VilaOlimp1;"
"22/11/18;06:50:30 AM;Tunel Vila Olimpica 1 (Analizador2):    Corriente UL2 bajo mónimos.;VilaOlimp1;"
"22/11/18;06:50:30 AM;Tunel Vila Olimpica 1 (Analizador2):    Corriente UL1 bajo mónimos.;VilaOlimp1;"
"22/11/18;06:50:30 AM;Tunel Vila Olimpica 1 (Analizador2):    Tensión UL-N bajo mónimos.;VilaOlimp1;"
"22/11/18;06:50:30 AM;Tunel Vila Olimpica 1 (Analizador2):    Frecuencia bajo mónimos.;VilaOlimp1;"
"22/11/18;06:50:30 AM;Tunel Vila Olimpica 1 (Analizador2):    Factor de potencia bajo mónimos.;VilaOlimp1;"
"22/11/18;06:50:30 AM;Tunel Vila Olimpica 1 (Analizador2):    Potencia Reactiva bajo mónimos.;VilaOlimp1;"
"22/11/18;06:50:30 AM;Tunel Vila Olimpica 1 (Analizador2):    Potencia Activa bajo mónimos.;VilaOlimp1;"
"22/11/18;06:50:30 AM;Tunel Vila Olimpica 1 (Analizador1):    Corriente UL3 bajo mónimos.;VilaOlimp1;"
"22/11/18;06:50:30 AM;Tunel Vila Olimpica 1 (Analizador1):    Corriente UL2 excesiva.;VilaOlimp1;"
"22/11/18;06:50:30 AM;Tunel Vila Olimpica 1 (Analizador1):    Corriente UL1 bajo mónimos.;VilaOlimp1;"
"22/11/18;06:50:30 AM;Tunel Vila Olimpica 1 (Analizador1):    Tensión UL-L bajo mónimos.;VilaOlimp1;"
"22/11/18;06:50:30 AM;Tunel Vila Olimpica 1 (Analizador1):    Factor de potencia bajo mónimos.;VilaOlimp1;"
"22/11/18;06:50:30 AM;Tunel Vila Olimpica 1 (Analizador1):    Potencia Reactiva bajo mónimos.;VilaOlimp1;"
"22/11/18;06:50:30 AM;Tunel Vila Olimpica 1 (Analizador1):    Potencia Activa bajo mónimos.;VilaOlimp1;"
"22/11/18;06:49:34 AM;Tunel Vila Olimpica 1 (Analizador2):    Corriente UL3 bajo mónimos.;VilaOlimp1;"
"22/11/18;06:49:34 AM;Tunel Vila Olimpica 1 (Analizador2):    Corriente UL2 bajo mónimos.;VilaOlimp1;"
"22/11/18;06:49:34 AM;Tunel Vila Olimpica 1 (Analizador2):    Corriente UL1 bajo mónimos.;VilaOlimp1;"
"22/11/18;06:49:34 AM;Tunel Vila Olimpica 1 (Analizador2):    Tensión UL-N bajo mónimos.;VilaOlimp1;"
"22/11/18;06:49:34 AM;Tunel Vila Olimpica 1 (Analizador2):    Frecuencia bajo mónimos.;VilaOlimp1;"
"22/11/18;06:49:34 AM;Tunel Vila Olimpica 1 (Analizador2):    Factor de potencia bajo mónimos.;VilaOlimp1;"
"22/11/18;06:49:34 AM;Tunel Vila Olimpica 1 (Analizador2):    Potencia Reactiva bajo mónimos.;VilaOlimp1;"
"22/11/18;06:49:34 AM;Tunel Vila Olimpica 1 (Analizador2):    Potencia Activa bajo mónimos.;VilaOlimp1;"
"22/11/18;06:49:34 AM;Tunel Vila Olimpica 1 (Analizador1):    Corriente UL3 bajo mónimos.;VilaOlimp1;"
"22/11/18;06:49:34 AM;Tunel Vila Olimpica 1 (Analizador1):    Corriente UL2 excesiva.;VilaOlimp1;"
"22/11/18;06:49:34 AM;Tunel Vila Olimpica 1 (Analizador1):    Corriente UL1 bajo mónimos.;VilaOlimp1;"
"22/11/18;06:49:34 AM;Tunel Vila Olimpica 1 (Analizador1):    Tensión UL-L bajo mónimos.;VilaOlimp1;"
"22/11/18;06:49:34 AM;Tunel Vila Olimpica 1 (Analizador1):    Factor de potencia bajo mónimos.;VilaOlimp1;"
"22/11/18;06:49:34 AM;Tunel Vila Olimpica 1 (Analizador1):    Potencia Reactiva bajo mónimos.;VilaOlimp1;"
"22/11/18;06:49:34 AM;Tunel Vila Olimpica 1 (Analizador1):    Potencia Activa bajo mónimos.;VilaOlimp1;"
"22/11/18;06:49:19 AM;Tunel Vila Olimpica 1 (Analizador2):    Corriente UL3 bajo mónimos.;VilaOlimp1;"
"22/11/18;06:49:19 AM;Tunel Vila Olimpica 1 (Analizador2):    Corriente UL2 bajo mónimos.;VilaOlimp1;"
"22/11/18;06:49:19 AM;Tunel Vila Olimpica 1 (Analizador2):    Corriente UL1 bajo mónimos.;VilaOlimp1;"
"22/11/18;06:49:19 AM;Tunel Vila Olimpica 1 (Analizador2):    Tensión UL-N bajo mónimos.;VilaOlimp1;"
"22/11/18;06:49:19 AM;Tunel Vila Olimpica 1 (Analizador2):    Frecuencia bajo mónimos.;VilaOlimp1;"
"22/11/18;06:49:19 AM;Tunel Vila Olimpica 1 (Analizador2):    Factor de potencia bajo mónimos.;VilaOlimp1;"
"22/11/18;06:49:19 AM;Tunel Vila Olimpica 1 (Analizador2):    Potencia Reactiva bajo mónimos.;VilaOlimp1;"
"22/11/18;06:49:19 AM;Tunel Vila Olimpica 1 (Analizador2):    Potencia Activa bajo mónimos.;VilaOlimp1;"
"22/11/18;06:49:19 AM;Tunel Vila Olimpica 1 (Analizador1):    Corriente UL3 bajo mónimos.;VilaOlimp1;"
"22/11/18;06:49:19 AM;Tunel Vila Olimpica 1 (Analizador1):    Corriente UL2 excesiva.;VilaOlimp1;"
"22/11/18;06:49:19 AM;Tunel Vila Olimpica 1 (Analizador1):    Corriente UL1 bajo mónimos.;VilaOlimp1;"
"22/11/18;06:49:19 AM;Tunel Vila Olimpica 1 (Analizador1):    Tensión UL-L bajo mónimos.;VilaOlimp1;"
"22/11/18;06:49:19 AM;Tunel Vila Olimpica 1 (Analizador1):    Factor de potencia bajo mónimos.;VilaOlimp1;"
"22/11/18;06:49:19 AM;Tunel Vila Olimpica 1 (Analizador1):    Potencia Reactiva bajo mónimos.;VilaOlimp1;"
"22/11/18;06:49:19 AM;Tunel Vila Olimpica 1 (Analizador1):    Potencia Activa bajo mónimos.;VilaOlimp1;"
"22/11/18;06:48:45 AM;Tunel Autogeneracion:    Fallo Comunicación;Autogenera;"
"22/11/18;06:42:31 AM;Tunel Autogeneracion:    Fallo Comunicación;Autogenera;"
"22/11/18;06:39:45 AM;Tunel Pla de Palau:    Fallo Comunicación;Pla Palau;"
"22/11/18;06:37:31 AM;Tunel Vila Olimpica 1:   Fallo Comunicación;VilaOlimp1;"
"22/11/18;06:37:17 AM;Tunel Vila Olimpica 1:   Fallo Comunicación;VilaOlimp1;"
"22/11/18;06:36:35 AM;Tunel Autogeneracion:    Fallo Comunicación;Autogenera;"
"22/11/18;06:30:51 AM;Tunel Pla de Palau:    Fallo Comunicación;Pla Palau;"
"22/11/18;06:29:31 AM;Tunel Vila Olimpica 1:   Fallo Comunicación;VilaOlimp1;"
"22/11/18;06:29:17 AM;Tunel Vila Olimpica 1:   Fallo Comunicación;VilaOlimp1;"
"22/11/18;06:24:14 AM;Tunel Vila Olimpica 1:   Fallo Comunicación;VilaOlimp1;"
"22/11/18;06:24:02 AM;Tunel Vila Olimpica 1:   Fallo Comunicación;VilaOlimp1;"
"22/11/18;06:20:56 AM;Tunel Vila Olimpica 1:   Fallo Comunicación;VilaOlimp1;"
"22/11/18;06:20:45 AM;Tunel Vila Olimpica 1:   Fallo Comunicación;VilaOlimp1;"
"22/11/18;06:15:42 AM;Tunel Pla de Palau:    Fallo Comunicación;Pla Palau;"
"22/11/18;06:14:14 AM;Tunel Vila Olimpica 1:   Fallo Comunicación;VilaOlimp1;"
"22/11/18;06:14:04 AM;Tunel Vila Olimpica 1:   Fallo Comunicación;VilaOlimp1;"
"22/11/18;06:05:02 AM;Tunel Vila Olimpica 1:   Fallo Comunicación;VilaOlimp1;"
"22/11/18;06:04:56 AM;Tunel Vila Olimpica 1:   Fallo Comunicación;VilaOlimp1;"
"22/11/18;06:04:44 AM;Tunel Forum:    Fallo Comunicación;Forum;"
"22/11/18;06:04:21 AM;Tunel Vila Olimpica 1:   Fallo Comunicación;VilaOlimp1;"
"22/11/18;06:04:14 AM;Tunel Forum:    Fallo Comunicación;Forum;"
"22/11/18;06:02:28 AM;Tunel Pla de Palau:    Fallo Comunicación;Pla Palau;"
"22/11/18;05:59:28 AM;Tunel Vila Olimpica 1:   Fallo Comunicación;VilaOlimp1;"
"22/11/18;05:58:26 AM;WEBRT:RONDAS-PC:WebClient UTERONDESBCN04 - conexión desconectada (Usuario=operador);;"
"22/11/18;05:55:26 AM;Tunel Vila Olimpica 1:   Fallo Comunicación;VilaOlimp1;"
"22/11/18;05:55:11 AM;Tunel Vila Olimpica 1:   Fallo Comunicación;VilaOlimp1;"
"22/11/18;05:54:21 AM;Tunel Vila Olimpica 1:   Fallo Comunicación;VilaOlimp1;"
"22/11/18;05:49:32 AM;Tunel Vila Olimpica 1:   Fallo Comunicación;VilaOlimp1;"
"22/11/18;05:46:00 AM;Tunel Baró de Viver:    Fallo Comunicación;Baro Viver;"
"22/11/18;05:45:46 AM;Tunel Baró de Viver:    Fallo Comunicación;Baro Viver;"
"22/11/18;05:42:32 AM;Pozo 9:    Fallo Comunicación;Pozo 9;"
"22/11/18;05:42:06 AM;Tunel Vila Olimpica 1:   Fallo Comunicación;VilaOlimp1;"
"22/11/18;05:41:50 AM;Tunel Vila Olimpica 1:   Fallo Comunicación;VilaOlimp1;"
"22/11/18;05:25:58 AM;Tunel Vila Olimpica 1:   Fallo Comunicación;VilaOlimp1;"
"22/11/18;05:25:54 AM;Tunel Media Poble Nou:     Fallo Comunicación;MPoble Nou;"
"22/11/18;05:25:46 AM;Tunel Vila Olimpica 1:   Fallo Comunicación;VilaOlimp1;"
"22/11/18;05:18:36 AM;Tunel Media Poble Nou:     Fallo Comunicación;MPoble Nou;"
"22/11/18;05:09:08 AM;Pozo 9:    Fallo Comunicación;Pozo 9;"
"22/11/18;05:08:26 AM;Tunel Pla de Palau:    Fallo Comunicación;Pla Palau;"
"22/11/18;05:08:14 AM;Pozo 5:    Fallo Comunicación;Pozo 5;"
"22/11/18;05:06:11 AM;Tunel Collserola:    Fallo Comunicacion;Collserola;"
"22/11/18;05:05:56 AM;Tunel Collserola:    Fallo Comunicacion;Collserola;"
"22/11/18;05:02:18 AM;Pozo 5:    Fallo Comunicación;Pozo 5;"
"22/11/18;04:59:38 AM;Tunel Vila Olimpica 1:   Fallo Comunicación;VilaOlimp1;"
"22/11/18;04:59:26 AM;Tunel Vila Olimpica 1:   Fallo Comunicación;VilaOlimp1;"
"22/11/18;04:52:12 AM;Pozo 9:    Fallo Comunicación;Pozo 9;"
"22/11/18;04:46:02 AM;Pozo 9:    Fallo Comunicación;Pozo 9;"
"22/11/18;04:27:42 AM;Tunel Baró de Viver:    Fallo Comunicación;Baro Viver;"
"22/11/18;04:27:32 AM;Tunel Baró de Viver:    Fallo Comunicación;Baro Viver;"
"22/11/18;04:21:32 AM;Tunel Pla de Palau:    Fallo Comunicación;Pla Palau;"
"22/11/18;04:19:57 AM;Pozo 8:    Fallo Comunicación;Pozo 8;"
"22/11/18;04:08:56 AM;Tunel Pla de Palau:    Fallo Comunicación;Pla Palau;"
"22/11/18;04:08:50 AM;Pozo 8:    Fallo Comunicación;Pozo 8;"
"22/11/18;04:06:47 AM;Tunel Bon Pastor:    Alarma Intrusion;Bon Pastor;"
"22/11/18;04:05:46 AM;Tunel Bon Pastor:    Alarma Intrusion;Bon Pastor;"
"22/11/18;04:05:00 AM;Tunel Media Poble Nou:     Fallo Comunicación;MPoble Nou;"
"22/11/18;04:04:34 AM;Tunel Vila Olimpica 1:   Fallo Comunicación;VilaOlimp1;"
"22/11/18;04:04:24 AM;Tunel Vila Olimpica 1:   Fallo Comunicación;VilaOlimp1;"
"22/11/18;03:55:16 AM;Pozo 9:    Fallo Comunicación;Pozo 9;"
"22/11/18;03:34:14 AM;Pozo 9:    Fallo Comunicación;Pozo 9;"
"22/11/18;03:33:22 AM;Tunel Pla de Palau:    Fallo Comunicación;Pla Palau;"
"22/11/18;03:25:28 AM;Tunel Pla de Palau:    Fallo Comunicación;Pla Palau;"
"22/11/18;03:24:02 AM;Pozo 8:    Fallo Comunicación;Pozo 8;"
"22/11/18;03:23:30 AM;Tunel Vila Olimpica 1:   Fallo Comunicación;VilaOlimp1;"
"22/11/18;03:23:21 AM;Tunel Vila Olimpica 1:   Fallo Comunicación;VilaOlimp1;"
"22/11/18;03:18:42 AM;Tunel Vila Olimpica 1:   Fallo Comunicación;VilaOlimp1;"
"22/11/18;03:17:32 AM;Tunel Pla de Palau:    Fallo Comunicación;Pla Palau;"
"22/11/18;03:17:21 AM;Tunel Vila Olimpica 1:   Fallo Comunicación;VilaOlimp1;"
"22/11/18;03:13:30 AM;Pozo 9:    Fallo Comunicación;Pozo 9;"
"22/11/18;03:12:06 AM;Tunel Vila Olimpica 1:   Fallo Comunicación;VilaOlimp1;"
"22/11/18;03:11:52 AM;Tunel Vila Olimpica 1:   Fallo Comunicación;VilaOlimp1;"
"22/11/18;03:09:46 AM;Tunel Vila Olimpica 1:   Fallo Comunicación;VilaOlimp1;"
"22/11/18;03:09:21 AM;Tunel Vila Olimpica 1:   Fallo Comunicación;VilaOlimp1;"
"22/11/18;03:06:16 AM;Pozo 8:    Fallo Comunicación;Pozo 8;"
"22/11/18;03:03:58 AM;Tunel Vila Olimpica 1:   Fallo Comunicación;VilaOlimp1;"
"22/11/18;03:03:38 AM;Tunel Vila Olimpica 1:   Fallo Comunicación;VilaOlimp1;"
"22/11/18;03:02:36 AM;Tunel Pla de Palau:    Fallo Comunicación;Pla Palau;"
"22/11/18;03:02:14 AM;Tunel Poble Nou:     Fallo Comunicación;Poble Nou;"
"22/11/18;02:59:31 AM;Tunel Pla de Palau:    Fallo Comunicación;Pla Palau;"
"22/11/18;02:56:27 AM;Tunel Pla de Palau:    Fallo Comunicación;Pla Palau;"
"22/11/18;02:55:54 AM;Tunel Bon Pastor:    Alarma Intrusion;Bon Pastor;"
"22/11/18;02:55:03 AM;Tunel Bon Pastor:    Alarma Intrusion;Bon Pastor;"
"22/11/18;02:30:23 AM;Tunel Poble Nou:     Fallo Comunicación;Poble Nou;"
"22/11/18;02:30:01 AM;Tunel Forum:    Fallo Comunicación;Forum;"
"22/11/18;02:29:49 AM;Tunel Forum:    Fallo Comunicación;Forum;"
"22/11/18;02:28:13 AM;Tunel Vila Olimpica 1:   Fallo Comunicación;VilaOlimp1;"
"22/11/18;02:28:02 AM;Tunel Vila Olimpica 1:   Fallo Comunicación;VilaOlimp1;"
"22/11/18;02:19:37 AM;Tunel Vila Olimpica 1:   Fallo Comunicación;VilaOlimp1;"
"22/11/18;02:19:25 AM;Tunel Vila Olimpica 1:   Fallo Comunicación;VilaOlimp1;"
"22/11/18;02:13:27 AM;Tunel Vila Olimpica 1:   Fallo Comunicación;VilaOlimp1;"
"22/11/18;02:13:13 AM;Tunel Vila Olimpica 1:   Fallo Comunicación;VilaOlimp1;"
"22/11/18;01:59:31 AM;Tunel Pla de Palau:    Fallo Comunicación;Pla Palau;"
"22/11/18;01:57:51 AM;Tunel Pla de Palau:    Fallo Comunicación;Pla Palau;"
"22/11/18;01:56:53 AM;Pozo 9:    Fallo Comunicación;Pozo 9;"
"22/11/18;01:54:31 AM;Tunel Vila Olimpica 1:   Fallo Comunicación;VilaOlimp1;"
"22/11/18;01:54:19 AM;Tunel Vila Olimpica 1:   Fallo Comunicación;VilaOlimp1;"
"22/11/18;01:32:35 AM;Tunel Vila Olimpica 1:   Fallo Comunicación;VilaOlimp1;"
"22/11/18;01:32:23 AM;Tunel Vila Olimpica 1:   Fallo Comunicación;VilaOlimp1;"
"22/11/18;01:24:55 AM;Tunel Vila Olimpica 1:   Fallo Comunicación;VilaOlimp1;"
"22/11/18;01:24:45 AM;Tunel Vila Olimpica 1:   Fallo Comunicación;VilaOlimp1;"
"22/11/18;01:17:17 AM;Tunel Vila Olimpica 1:   Fallo Comunicación;VilaOlimp1;"
"22/11/18;01:17:09 AM;Tunel Vila Olimpica 1:   Fallo Comunicación;VilaOlimp1;"
"22/11/18;01:16:19 AM;Tunel Baró de Viver:    Fallo Comunicación;Baro Viver;"
"22/11/18;01:16:03 AM;Tunel Baró de Viver:    Fallo Comunicación;Baro Viver;"
"22/11/18;01:05:33 AM;Tunel Vila Olimpica 1:   Fallo Comunicación;VilaOlimp1;"
"22/11/18;01:05:13 AM;Tunel Vila Olimpica 1:   Fallo Comunicación;VilaOlimp1;"
"22/11/18;01:02:13 AM;Tunel Vila Olimpica 1:   Fallo Comunicación;VilaOlimp1;"
"22/11/18;01:02:01 AM;Tunel Vila Olimpica 1:   Fallo Comunicación;VilaOlimp1;"
"22/11/18;01:00:00 AM;Tunel Morrot:    Fallo Comunicación;Morrot;"
"22/11/18;01:00:00 AM;Tunel San Feliu:    Fallo Comunicación;San Feliu;"
"22/11/18;01:00:00 AM;Tunel Pla de Palau:    Fallo Comunicación;Pla Palau;"
"22/11/18;01:00:00 AM;Tunel Vila Olimpica 1:   Fallo Comunicación;VilaOlimp1;"
"22/11/18;01:00:00 AM;Tunel Media Poble Nou:     Fallo Comunicación;MPoble Nou;"
"22/11/18;01:00:00 AM;Pozo 8:    Fallo Comunicación;Pozo 8;"
"22/11/18;01:00:00 AM;Tunel Poble Nou:     Fallo Comunicación;Poble Nou;"
"22/11/18;01:00:00 AM;Tunel Morrot:    Fallo Comunicación;Morrot;"
"22/11/18;01:00:00 AM;Tunel Maquinista:    Fallo Comunicación;Maquinista;"
"22/11/18;01:00:00 AM;Pozo 10:     Fallo Comunicación;Pozo 10;"
"22/11/18;01:00:00 AM;Tunel Vila Olimpica 1:   Fallo Comunicación;VilaOlimp1;"
"22/11/18;01:00:00 AM;Tunel Nus Trinitat:    Fallo Comunicación;Nus Trinit;"
"22/11/18;01:00:00 AM;Tunel Media Poble Nou:     Fallo Comunicación;MPoble Nou;"
"22/11/18;01:00:00 AM;Tunel Morrot:    Fallo Comunicación;Morrot;"
"22/11/18;01:00:00 AM;Tunel San Feliu:    Fallo Comunicación;San Feliu;"
"22/11/18;01:00:00 AM;Pozo 9:    Fallo Comunicación;Pozo 9;"
"22/11/18;01:00:00 AM;Tunel Maquinista:    Fallo Comunicación;Maquinista;"
"22/11/18;01:00:00 AM;Pozo 8:    Fallo Comunicación;Pozo 8;"
"22/11/18;01:00:00 AM;Tunel Vila Olimpica 1:   Fallo Comunicación;VilaOlimp1;"
"22/11/18;01:00:00 AM;Pozo 7:    Fallo Comunicación;Pozo 7;"
"22/11/18;01:00:00 AM;Tunel Media Poble Nou:     Fallo Comunicación;MPoble Nou;"
"22/11/18;01:00:00 AM;Pozo 6:    Fallo comunicaciones;Pozo 6;"
"22/11/18;01:00:00 AM;Tunel San Feliu:    Fallo Comunicación;San Feliu;"
"22/11/18;01:00:00 AM;Pozo 5:    Fallo Comunicación;Pozo 5;"
"22/11/18;01:00:00 AM;Pozo 9:    Fallo Comunicación;Pozo 9;"
"22/11/18;01:00:00 AM;Pozo 3:    Fallo Comunicación;Pozo 3;"
"22/11/18;01:00:00 AM;Pozo 8:    Fallo Comunicación;Pozo 8;"
"22/11/18;01:00:00 AM;Pozo 2:     Fallo Comunicación;Pozo 2;"
"22/11/18;01:00:00 AM;Pozo 7:    Fallo Comunicación;Pozo 7;"
"22/11/18;01:00:00 AM;Pozo 11:     Fallo Comunicación;Pozo 11;"
"22/11/18;01:00:00 AM;Pozo 6:    Fallo comunicaciones;Pozo 6;"
"22/11/18;01:00:00 AM;Pozo 10:     Fallo Comunicación;Pozo 10;"
"22/11/18;01:00:00 AM;Pozo 5:    Fallo Comunicación;Pozo 5;"
"22/11/18;01:00:00 AM;Tunel Nus Trinitat:    Fallo Comunicación;Nus Trinit;"
"22/11/18;01:00:00 AM;Pozo 3:    Fallo Comunicación;Pozo 3;"
"22/11/18;01:00:00 AM;Tunel Forum:    Fallo Comunicación;Forum;"
"22/11/18;01:00:00 AM;Pozo 2:     Fallo Comunicación;Pozo 2;"
"22/11/18;01:00:00 AM;Tunel Can Clota:    Fallo Comunicación;Can Clota;"
"22/11/18;01:00:00 AM;Pozo 11:     Fallo Comunicación;Pozo 11;"
"22/11/18;01:00:00 AM;Tunel Baró de Viver:    Fallo Comunicación;Baro Viver;"
"22/11/18;01:00:00 AM;Tunel Autogeneracion:    Fallo Comunicación;Autogenera;"
"22/11/18;01:00:00 AM;Tunel Bon Pastor:    Fallo Comunicación;Bon Pastor;"
"22/11/18;01:00:00 AM;Tunel Bon Pastor:    Fallo Comunicación;Bon Pastor;"
"22/11/18;01:00:00 AM;Tunel Can Clota:    Fallo Comunicación;Can Clota;"
"22/11/18;01:00:00 AM;Tunel Autogeneracion:    Fallo Comunicación;Autogenera;"
"22/11/18;01:00:00 AM;Tunel Forum:    Fallo Comunicación;Forum;"
"22/11/18;12:44:15 AM;Tunel Media Poble Nou:     Fallo Comunicación;MPoble Nou;"
"22/11/18;12:41:39 AM;Pozo 8:    Fallo Comunicación;Pozo 8;"
"22/11/18;12:38:41 AM;Tunel Vila Olimpica 1:   Fallo Comunicación;VilaOlimp1;"
"22/11/18;12:38:29 AM;Tunel Vila Olimpica 1:   Fallo Comunicación;VilaOlimp1;"
"22/11/18;12:37:37 AM;Tunel Media Poble Nou:     Fallo Comunicación;MPoble Nou;"
"22/11/18;12:32:57 AM;Tunel Vila Olimpica 1:   Fallo Comunicación;VilaOlimp1;"
"22/11/18;12:32:45 AM;Tunel Vila Olimpica 1:   Fallo Comunicación;VilaOlimp1;"
"22/11/18;12:31:19 AM;Pozo 5:    Fallo Comunicación;Pozo 5;"
"22/11/18;12:29:58 AM;Tunel Vila Olimpica 1:   Fallo Comunicación;VilaOlimp1;"
"22/11/18;12:29:31 AM;Tunel Vila Olimpica 1:   Fallo Comunicación;VilaOlimp1;"
"22/11/18;12:24:30 AM;Pozo 5:    Fallo Comunicación;Pozo 5;"
"22/11/18;12:20:28 AM;Tunel Vila Olimpica 1:   Fallo Comunicación;VilaOlimp1;"
"22/11/18;12:20:22 AM;Tunel Vila Olimpica 1:   Fallo Comunicación;VilaOlimp1;"
"22/11/18;12:19:46 AM;Tunel San Feliu:    Fallo Comunicación;San Feliu;"
"22/11/18;12:19:36 AM;Tunel San Feliu:    Fallo Comunicación;San Feliu;"
"22/11/18;12:16:00 AM;AM:ESCADARONDAS:Backup:Error al escribir en la ruta Backup;;"
"22/11/18;12:15:32 AM;Tunel Vila Olimpica 1:   Fallo Comunicación;VilaOlimp1;"
"22/11/18;12:15:22 AM;Tunel Vila Olimpica 1:   Fallo Comunicación;VilaOlimp1;"
"21/11/18;11:56:48 PM;Pozo 9:    Fallo Comunicación;Pozo 9;"
"21/11/18;11:46:00 PM;Pozo 9:    Fallo Comunicación;Pozo 9;"
"21/11/18;11:38:58 PM;Pozo 8:    Fallo Comunicación;Pozo 8;"
"21/11/18;11:38:52 PM;Tunel Vila Olimpica 1:   Fallo Comunicación;VilaOlimp1;"
"21/11/18;11:38:40 PM;Tunel Vila Olimpica 1:   Fallo Comunicación;VilaOlimp1;"
"21/11/18;11:27:36 PM;Tunel Vila Olimpica 1:   Fallo Comunicación;VilaOlimp1;"
"21/11/18;11:27:20 PM;Tunel Vila Olimpica 1:   Fallo Comunicación;VilaOlimp1;"
"21/11/18;11:24:24 PM;Tunel Vila Olimpica 1:   Fallo Comunicación;VilaOlimp1;"
"21/11/18;11:24:00 PM;Tunel Vila Olimpica 1:   Fallo Comunicación;VilaOlimp1;"
"21/11/18;11:23:22 PM;Pozo 8:    Fallo Comunicación;Pozo 8;"
"21/11/18;11:21:44 PM;Tunel Vila Olimpica 1:   Fallo Comunicación;VilaOlimp1;"
"21/11/18;11:21:34 PM;Tunel Vila Olimpica 1:   Fallo Comunicación;VilaOlimp1;"
"21/11/18;11:20:22 PM;Tunel Vila Olimpica 1:   Fallo Comunicación;VilaOlimp1;"
"21/11/18;11:20:11 PM;Tunel Vila Olimpica 1:   Fallo Comunicación;VilaOlimp1;"
"21/11/18;11:16:24 PM;Tunel Vila Olimpica 1:   Fallo Comunicación;VilaOlimp1;"
"21/11/18;11:16:10 PM;Tunel Vila Olimpica 1:   Fallo Comunicación;VilaOlimp1;"
"21/11/18;11:11:46 PM;Tunel Baró de Viver:    Fallo Comunicación;Baro Viver;"
"21/11/18;11:11:18 PM;Tunel Baró de Viver:    Fallo Comunicación;Baro Viver;"
"21/11/18;11:07:34 PM;Tunel Media Poble Nou:     Fallo Comunicación;MPoble Nou;"
"21/11/18;11:03:34 PM;Tunel Vila Olimpica 1:   Fallo Comunicación;VilaOlimp1;"
"21/11/18;11:03:26 PM;Tunel Vila Olimpica 1:   Fallo Comunicación;VilaOlimp1;"
"21/11/18;11:01:25 PM;Tunel Vila Olimpica 1:   Fallo Comunicación;VilaOlimp1;"
"21/11/18;11:01:04 PM;Tunel Poble Nou:     Fallo Comunicación;Poble Nou;"
"21/11/18;10:56:44 PM;Tunel Vila Olimpica 1:   Fallo Comunicación;VilaOlimp1;"
"21/11/18;10:56:38 PM;Tunel Poble Nou:     Fallo Comunicación;Poble Nou;"
"21/11/18;10:51:54 PM;Tunel Morrot:    Alarma Intrusion;Morrot;"
"21/11/18;10:51:44 PM;Tunel Vila Olimpica 1:   Fallo Comunicación;VilaOlimp1;"
"21/11/18;10:51:32 PM;Tunel Vila Olimpica 1:   Fallo Comunicación;VilaOlimp1;"
"21/11/18;10:47:37 PM;Tunel Morrot:    Alarma Intrusion;Morrot;"
"21/11/18;10:46:44 PM;Tunel Vila Olimpica 1:   Fallo Comunicación;VilaOlimp1;"
"21/11/18;10:46:30 PM;Tunel Vila Olimpica 1:   Fallo Comunicación;VilaOlimp1;"
"21/11/18;10:44:50 PM;Pozo 7:    Fallo Comunicación;Pozo 7;"
"21/11/18;10:37:52 PM;Tunel Vila Olimpica 1:   Fallo Comunicación;VilaOlimp1;"
"21/11/18;10:37:38 PM;Tunel Vila Olimpica 1:   Fallo Comunicación;VilaOlimp1;"
"21/11/18;10:36:50 PM;Pozo 7:    Fallo Comunicación;Pozo 7;"
"21/11/18;10:26:24 PM;Tunel Pla de Palau:    Fallo Comunicación;Pla Palau;"
"21/11/18;10:25:10 PM;Tunel Vila Olimpica 1:   Fallo Comunicación;VilaOlimp1;"
"21/11/18;10:25:00 PM;Tunel Vila Olimpica 1:   Fallo Comunicación;VilaOlimp1;"
"21/11/18;10:19:40 PM;Tunel Poble Nou:     Fallo Comunicación;Poble Nou;"
"21/11/18;10:19:25 PM;Tunel Baró de Viver:    Fallo Comunicación;Baro Viver;"
"21/11/18;10:19:07 PM;Tunel Baró de Viver:    Fallo Comunicación;Baro Viver;"
"21/11/18;10:18:21 PM;Tunel Vila Olimpica 1:   Fallo Comunicación;VilaOlimp1;"
"21/11/18;10:13:30 PM;Tunel Vila Olimpica 1:   Fallo Comunicación;VilaOlimp1;"
"21/11/18;10:12:54 PM;Tunel Pla de Palau:    Fallo Comunicación;Pla Palau;"
"21/11/18;10:05:18 PM;Tunel Vila Olimpica 1:   Fallo Comunicación;VilaOlimp1;"
"21/11/18;10:05:06 PM;Tunel Vila Olimpica 1:   Fallo Comunicación;VilaOlimp1;"
"21/11/18;10:03:04 PM;Tunel Vila Olimpica 1:   Fallo Comunicación;VilaOlimp1;"
"21/11/18;10:02:51 PM;Tunel Vila Olimpica 1:   Fallo Comunicación;VilaOlimp1;"
"21/11/18;10:02:50 PM;Tunel Vila Olimpica 1:   Fallo Comunicación;VilaOlimp1;"
"21/11/18;10:00:20 PM;Pozo 5:    Fallo Comunicación;Pozo 5;"
"21/11/18;09:58:10 PM;Tunel Vila Olimpica 1:   Fallo Comunicación;VilaOlimp1;"
"21/11/18;09:57:16 PM;Tunel Poble Nou:     Fallo Comunicación;Poble Nou;"
"21/11/18;09:56:51 PM;Pozo 5:    Fallo Comunicación;Pozo 5;"
"21/11/18;09:53:12 PM;Tunel Vila Olimpica 1:   Fallo Comunicación;VilaOlimp1;"
"21/11/18;09:52:48 PM;Tunel Vila Olimpica 1:   Fallo Comunicación;VilaOlimp1;"
"21/11/18;09:50:04 PM;Tunel Vila Olimpica 1:   Fallo Comunicación;VilaOlimp1;"
"21/11/18;09:49:50 PM;Tunel Vila Olimpica 1:   Fallo Comunicación;VilaOlimp1;"
"21/11/18;09:38:16 PM;Tunel Vila Olimpica 1:   Fallo Comunicación;VilaOlimp1;"
"21/11/18;09:38:04 PM;Tunel Vila Olimpica 1:   Fallo Comunicación;VilaOlimp1;"
"21/11/18;09:35:31 PM;Tunel Vila Olimpica 1:   Fallo Comunicación;VilaOlimp1;"
"21/11/18;09:32:45 PM;Pozo 8:    Fallo Comunicación;Pozo 8;"
"21/11/18;09:30:58 PM;Tunel Vila Olimpica 1:   Fallo Comunicación;VilaOlimp1;"
"21/11/18;09:25:52 PM;Tunel Vila Olimpica 1:   Fallo Comunicación;VilaOlimp1;"
"21/11/18;09:25:37 PM;Tunel Vila Olimpica 1:   Fallo Comunicación;VilaOlimp1;"
"21/11/18;09:20:25 PM;Tunel Vila Olimpica 1:   Fallo Comunicación;VilaOlimp1;"
"21/11/18;09:15:51 PM;Tunel Vila Olimpica 1:   Fallo Comunicación;VilaOlimp1;"
"21/11/18;09:10:21 PM;Tunel Vila Olimpica 1:   Fallo Comunicación;VilaOlimp1;"
"21/11/18;09:05:35 PM;Tunel Vila Olimpica 1:   Fallo Comunicación;VilaOlimp1;"
"21/11/18;09:04:22 PM;Tunel Vila Olimpica 1:   Fallo Comunicación;VilaOlimp1;"
"21/11/18;09:04:21 PM;Tunel Vila Olimpica 1:   Fallo Comunicación;VilaOlimp1;"
"21/11/18;08:59:29 PM;Tunel Vila Olimpica 1:   Fallo Comunicación;VilaOlimp1;"
"21/11/18;08:59:15 PM;Tunel Vila Olimpica 1:   Fallo Comunicación;VilaOlimp1;"
"21/11/18;08:51:33 PM;Tunel Vila Olimpica 1:   Fallo Comunicación;VilaOlimp1;"
"21/11/18;08:51:25 PM;Tunel Vila Olimpica 1:   Fallo Comunicación;VilaOlimp1;"
"21/11/18;08:49:47 PM;Tunel Vila Olimpica 1:   Fallo Comunicación;VilaOlimp1;"
"21/11/18;08:49:31 PM;Tunel Vila Olimpica 1:   Fallo Comunicación;VilaOlimp1;"
"21/11/18;08:44:35 PM;Tunel Vila Olimpica 1:   Fallo Comunicación;VilaOlimp1;"
"21/11/18;08:44:07 PM;Tunel Vila Olimpica 1:   Fallo Comunicación;VilaOlimp1;"
"21/11/18;08:44:07 PM;Tunel Baró de Viver:    Fallo Comunicación;Baro Viver;"
"21/11/18;08:43:45 PM;Tunel Baró de Viver:    Fallo Comunicación;Baro Viver;"
"21/11/18;08:42:15 PM;Tunel Vila Olimpica 1:   Fallo Comunicación;VilaOlimp1;"
"21/11/18;08:41:59 PM;Tunel Vila Olimpica 1:   Fallo Comunicación;VilaOlimp1;"
"21/11/18;08:41:58 PM;Tunel Vila Olimpica 1:   Fallo Comunicación;VilaOlimp1;"
"21/11/18;08:36:57 PM;Tunel Vila Olimpica 1:   Fallo Comunicación;VilaOlimp1;"
"21/11/18;08:33:29 PM;Tunel Vila Olimpica 1:   Fallo Comunicación;VilaOlimp1;"
"21/11/18;08:32:41 PM;Tunel Vila Olimpica 1:   Fallo Comunicación;VilaOlimp1;"
"21/11/18;08:31:19 PM;Tunel Vila Olimpica 1:   Fallo Comunicación;VilaOlimp1;"
"21/11/18;08:31:07 PM;Tunel Vila Olimpica 1:   Fallo Comunicación;VilaOlimp1;"
"21/11/18;08:27:57 PM;Tunel Forum:    Fallo Comunicación;Forum;"
"21/11/18;08:27:45 PM;Tunel Forum:    Fallo Comunicación;Forum;"
"21/11/18;08:23:51 PM;Tunel Vila Olimpica 1:   Fallo Comunicación;VilaOlimp1;"
"21/11/18;08:23:33 PM;Tunel Vila Olimpica 1:   Fallo Comunicación;VilaOlimp1;"
"21/11/18;08:21:27 PM;Tunel Vila Olimpica 1:   Fallo Comunicación;VilaOlimp1;"
"21/11/18;08:16:51 PM;Tunel Vila Olimpica 1:   Fallo Comunicación;VilaOlimp1;"
"21/11/18;08:15:29 PM;Pozo 8:    Fallo Comunicación;Pozo 8;"
"21/11/18;08:13:33 PM;Tunel Pla de Palau:    Fallo Comunicación;Pla Palau;"
"21/11/18;08:11:49 PM;Tunel Vila Olimpica 1:   Fallo Comunicación;VilaOlimp1;"
"21/11/18;08:11:37 PM;Tunel Vila Olimpica 1:   Fallo Comunicación;VilaOlimp1;"
"21/11/18;08:11:31 PM;Pozo 9:    Fallo Comunicación;Pozo 9;"
"21/11/18;08:06:21 PM;Tunel Vila Olimpica 1:   Fallo Comunicación;VilaOlimp1;"
"21/11/18;08:05:37 PM;Pozo 9:    Fallo Comunicación;Pozo 9;"
"21/11/18;08:04:47 PM;Tunel Pla de Palau:    Fallo Comunicación;Pla Palau;"
"21/11/18;08:01:21 PM;Tunel Vila Olimpica 1:   Fallo Comunicación;VilaOlimp1;"
"21/11/18;07:59:59 PM;Tunel Vila Olimpica 1:   Fallo Comunicación;VilaOlimp1;"
"21/11/18;07:59:41 PM;Tunel Vila Olimpica 1:   Fallo Comunicación;VilaOlimp1;"
"21/11/18;07:56:31 PM;Pozo 8:    Fallo Comunicación;Pozo 8;"
"21/11/18;07:56:15 PM;Tunel Pla de Palau:    Fallo Comunicación;Pla Palau;"
"21/11/18;07:54:47 PM;Tunel Vila Olimpica 1:   Fallo Comunicación;VilaOlimp1;"
"21/11/18;07:54:36 PM;Tunel Vila Olimpica 1:   Fallo Comunicación;VilaOlimp1;"
"21/11/18;07:53:29 PM;Tunel Vila Olimpica 1:   Fallo Comunicación;VilaOlimp1;"
"21/11/18;07:52:46 PM;Tunel Vila Olimpica 1:   Fallo Comunicación;VilaOlimp1;"
"21/11/18;07:47:15 PM;Tunel Vila Olimpica 1:   Fallo Comunicación;VilaOlimp1;"
"21/11/18;07:46:47 PM;Tunel Vila Olimpica 1:   Fallo Comunicación;VilaOlimp1;"
"21/11/18;07:41:51 PM;Tunel Vila Olimpica 1:   Fallo Comunicación;VilaOlimp1;"
"21/11/18;07:41:33 PM;Tunel Vila Olimpica 1:   Fallo Comunicación;VilaOlimp1;"
"21/11/18;07:41:23 PM;Tunel Vila Olimpica 1:   Fallo Comunicación;VilaOlimp1;"
"21/11/18;07:36:39 PM;Tunel Vila Olimpica 1:   Fallo Comunicación;VilaOlimp1;"
"21/11/18;07:34:07 PM;Tunel Poble Nou:     Fallo Comunicación;Poble Nou;"
"21/11/18;07:31:35 PM;Tunel Vila Olimpica 1:   Fallo Comunicación;VilaOlimp1;"
"21/11/18;07:31:25 PM;Tunel Vila Olimpica 1:   Fallo Comunicación;VilaOlimp1;"
"21/11/18;07:28:37 PM;Tunel Poble Nou:     Fallo Comunicación;Poble Nou;"
"21/11/18;07:27:57 PM;Tunel Poble Nou:     Fallo Comunicación;Poble Nou;"
"21/11/18;07:26:27 PM;Tunel Vila Olimpica 1:   Fallo Comunicación;VilaOlimp1;"
"21/11/18;07:26:17 PM;Tunel Vila Olimpica 1:   Fallo Comunicación;VilaOlimp1;"
"21/11/18;07:20:45 PM;Tunel Pla de Palau:    Fallo Comunicación;Pla Palau;"
"21/11/18;07:18:20 PM;Tunel Baró de Viver:    Fallo Comunicación;Baro Viver;"
"21/11/18;07:18:04 PM;Tunel Baró de Viver:    Fallo Comunicación;Baro Viver;"
"21/11/18;07:06:45 PM;Tunel Pla de Palau:    Fallo Comunicación;Pla Palau;"
"21/11/18;07:06:19 PM;Tunel Vila Olimpica 1:   Fallo Comunicación;VilaOlimp1;"
"21/11/18;07:05:53 PM;Tunel Vila Olimpica 1:   Fallo Comunicación;VilaOlimp1;"
"21/11/18;07:04:21 PM;Tunel Vila Olimpica 1:   Fallo Comunicación;VilaOlimp1;"
"21/11/18;06:59:30 PM;Tunel Vila Olimpica 1:   Fallo Comunicación;VilaOlimp1;"
"21/11/18;06:54:56 PM;Pozo 8:    Fallo Comunicación;Pozo 8;"
"21/11/18;06:54:10 PM;Tunel Vila Olimpica 1:   Fallo Comunicación;VilaOlimp1;"
"21/11/18;06:49:00 PM;Tunel Poble Nou:     Fallo Comunicación;Poble Nou;"
"21/11/18;06:47:02 PM;Pozo 8:    Fallo Comunicación;Pozo 8;"
"21/11/18;06:42:22 PM;Tunel Vila Olimpica 1:   Fallo Comunicación;VilaOlimp1;"
"21/11/18;06:41:22 PM;Tunel Vila Olimpica 1:   Fallo Comunicación;VilaOlimp1;"
"21/11/18;06:38:04 PM;Tunel Media Poble Nou:     Fallo Comunicación;MPoble Nou;"
"21/11/18;06:36:30 PM;Tunel Vila Olimpica 1:   Fallo Comunicación;VilaOlimp1;"
"21/11/18;06:34:14 PM;Tunel Vila Olimpica 1:   Fallo Comunicación;VilaOlimp1;"
"21/11/18;06:33:56 PM;Tunel Vila Olimpica 1:   Fallo Comunicación;VilaOlimp1;"
"21/11/18;06:33:52 PM;Tunel Vila Olimpica 1:   Fallo Comunicación;VilaOlimp1;"
"21/11/18;06:23:38 PM;Tunel Vila Olimpica 1:   Fallo Comunicación;VilaOlimp1;"
"21/11/18;06:23:36 PM;Tunel Vila Olimpica 1:   Fallo Comunicación;VilaOlimp1;"
"21/11/18;06:22:28 PM;Tunel Baró de Viver:    Fallo Comunicación;Baro Viver;"
"21/11/18;06:22:21 PM;Tunel Vila Olimpica 1:   Fallo Comunicación;VilaOlimp1;"
"21/11/18;06:22:14 PM;Tunel Baró de Viver:    Fallo Comunicación;Baro Viver;"
"21/11/18;06:17:05 PM;Tunel Vila Olimpica 1:   Fallo Comunicación;VilaOlimp1;"
"21/11/18;06:15:52 PM;Tunel Vila Olimpica 1:   Fallo Comunicación;VilaOlimp1;"
"21/11/18;06:15:51 PM;Tunel Vila Olimpica 1:   Fallo Comunicación;VilaOlimp1;"
"21/11/18;06:13:09 PM;Tunel Vila Olimpica 1:   Fallo Comunicación;VilaOlimp1;"
"21/11/18;06:06:58 PM;Tunel Vila Olimpica 1:   Fallo Comunicación;VilaOlimp1;"
"21/11/18;06:06:46 PM;Tunel Vila Olimpica 1:   Fallo Comunicación;VilaOlimp1;"
"21/11/18;06:06:37 PM;Tunel Vila Olimpica 1:   Fallo Comunicación;VilaOlimp1;"
"21/11/18;06:00:42 PM;Pozo 9:    Fallo Comunicación;Pozo 9;"
"21/11/18;05:59:18 PM;Tunel Autogeneracion:    Fallo Comunicación;Autogenera;"
"21/11/18;05:57:14 PM;Tunel Baró de Viver:    Fallo Comunicación;Baro Viver;"
"21/11/18;05:56:54 PM;Tunel Baró de Viver:    Fallo Comunicación;Baro Viver;"
"21/11/18;05:56:33 PM;Tunel Vila Olimpica 1:   Fallo Comunicación;VilaOlimp1;"
"21/11/18;05:51:31 PM;Tunel Vila Olimpica 1:   Fallo Comunicación;VilaOlimp1;"
"21/11/18;05:50:48 PM;Tunel Autogeneracion:    Fallo Comunicación;Autogenera;"
"21/11/18;05:42:12 PM;Pozo 9:    Fallo Comunicación;Pozo 9;"
"21/11/18;05:41:42 PM;Tunel Vila Olimpica 1:   Fallo Comunicación;VilaOlimp1;"
"21/11/18;05:41:27 PM;Tunel Vila Olimpica 1:   Fallo Comunicación;VilaOlimp1;"
"21/11/18;05:31:32 PM;Tunel Vila Olimpica 1:   Fallo Comunicación;VilaOlimp1;"
"21/11/18;05:31:23 PM;Tunel Vila Olimpica 1:   Fallo Comunicación;VilaOlimp1;"
"21/11/18;05:26:21 PM;Tunel Vila Olimpica 1:   Fallo Comunicación;VilaOlimp1;"
"21/11/18;05:25:28 PM;Pozo 6:    Fallo comunicaciones;Pozo 6;"
"21/11/18;05:20:56 PM;Tunel Pla de Palau:    Fallo Comunicación;Pla Palau;"
"21/11/18;05:20:31 PM;Tunel San Feliu:    Fallo Comunicación;San Feliu;"
"21/11/18;05:20:15 PM;Tunel San Feliu:    Fallo Comunicación;San Feliu;"
"21/11/18;05:19:33 PM;Pozo 6:    Fallo comunicaciones;Pozo 6;"
"21/11/18;05:14:13 PM;Tunel Vila Olimpica 1:   Fallo Comunicación;VilaOlimp1;"
"21/11/18;05:13:27 PM;Tunel Vila Olimpica 1:   Fallo Comunicación;VilaOlimp1;"
"21/11/18;05:13:26 PM;Tunel Vila Olimpica 1:   Fallo Comunicación;VilaOlimp1;"
"21/11/18;05:11:07 PM;Tunel Vila Olimpica 1:   Fallo Comunicación;VilaOlimp1;"
"21/11/18;05:04:21 PM;Tunel Vila Olimpica 1:   Fallo Comunicación;VilaOlimp1;"
"21/11/18;04:59:57 PM;Pozo 8:    Fallo Comunicación;Pozo 8;"
"21/11/18;04:59:29 PM;Tunel Vila Olimpica 1:   Fallo Comunicación;VilaOlimp1;"
"21/11/18;04:57:02 PM;Tunel Vila Olimpica 1 (Analizador1):    Potencia Reactiva bajo mónimos.;VilaOlimp1;"
"21/11/18;04:53:43 PM;Tunel Vila Olimpica 1:   Fallo Comunicación;VilaOlimp1;"
"21/11/18;04:53:29 PM;Tunel Vila Olimpica 1:   Fallo Comunicación;VilaOlimp1;"
"21/11/18;04:52:27 PM;Tunel Pla de Palau:    Fallo Comunicación;Pla Palau;"
"21/11/18;04:49:35 PM;Tunel Pla de Palau:    Fallo Comunicación;Pla Palau;"
"21/11/18;04:48:41 PM;Pozo 8:    Fallo Comunicación;Pozo 8;"
"21/11/18;04:45:01 PM;Tunel Vila Olimpica 1 (Analizador1):    Potencia Reactiva bajo mónimos.;VilaOlimp1;"
"21/11/18;04:43:10 PM;Tunel Vila Olimpica 1 (Analizador2):    Potencia Reactiva excesiva.;VilaOlimp1;"
"21/11/18;04:42:54 PM;Tunel Vila Olimpica 1 (Analizador1):    Potencia Reactiva bajo mónimos.;VilaOlimp1;"
"21/11/18;04:41:02 PM;Tunel Vila Olimpica 1 (Analizador1):    Potencia Reactiva bajo mónimos.;VilaOlimp1;"
"21/11/18;04:40:45 PM;Tunel Vila Olimpica 1:   Fallo Comunicación;VilaOlimp1;"
"21/11/18;04:40:41 PM;Tunel Pla de Palau:    Fallo Comunicación;Pla Palau;"
"21/11/18;04:40:34 PM;Tunel Vila Olimpica 1:   Fallo Comunicación;VilaOlimp1;"
"21/11/18;04:39:45 PM;Tunel Vila Olimpica 1:   Fallo Comunicación;VilaOlimp1;"
"21/11/18;04:38:54 PM;Tunel Vila Olimpica 1 (Analizador1):    Potencia Reactiva bajo mónimos.;VilaOlimp1;"
"21/11/18;04:34:45 PM;Tunel Vila Olimpica 1:   Fallo Comunicación;VilaOlimp1;"
"21/11/18;04:34:03 PM;Tunel Forum:    Fallo Comunicación;Forum;"
"21/11/18;04:33:51 PM;Tunel Forum:    Fallo Comunicación;Forum;"
"21/11/18;04:26:57 PM;Tunel Vila Olimpica 1:   Fallo Comunicación;VilaOlimp1;"
"21/11/18;04:26:41 PM;Tunel Vila Olimpica 1:   Fallo Comunicación;VilaOlimp1;"
"21/11/18;04:26:21 PM;Tunel Vila Olimpica 1:   Fallo Comunicación;VilaOlimp1;"
"21/11/18;04:20:27 PM;Tunel Vila Olimpica 1:   Fallo Comunicación;VilaOlimp1;"
"21/11/18;04:18:12 PM;Tunel San Feliu:    Potencia Reactiva bajo mónimos.;San Feliu;"
"21/11/18;04:17:16 PM;Tunel San Feliu:    Potencia Reactiva bajo mónimos.;San Feliu;"
"21/11/18;04:14:54 PM;Tunel Vila Olimpica 1 (Analizador1):    Potencia Reactiva bajo mónimos.;VilaOlimp1;"
"21/11/18;04:13:49 PM;Tunel Vila Olimpica 1:   Fallo Comunicación;VilaOlimp1;"
"21/11/18;04:13:37 PM;Tunel Vila Olimpica 1:   Fallo Comunicación;VilaOlimp1;"
"21/11/18;04:13:01 PM;Tunel Vila Olimpica 1 (Analizador1):    Potencia Reactiva bajo mónimos.;VilaOlimp1;"
"21/11/18;04:11:45 PM;Tunel Vila Olimpica 1:   Fallo Comunicación;VilaOlimp1;"
"21/11/18;04:11:31 PM;Tunel Vila Olimpica 1:   Fallo Comunicación;VilaOlimp1;"
"21/11/18;04:06:41 PM;Tunel Vila Olimpica 1:   Fallo Comunicación;VilaOlimp1;"
"21/11/18;04:06:29 PM;Tunel Vila Olimpica 1:   Fallo Comunicación;VilaOlimp1;"
"21/11/18;04:06:17 PM;Tunel Baró de Viver:    Fallo Comunicación;Baro Viver;"
"21/11/18;04:06:07 PM;Tunel Baró de Viver:    Fallo Comunicación;Baro Viver;"
"21/11/18;04:05:35 PM;Tunel Vila Olimpica 1:   Fallo Comunicación;VilaOlimp1;"
"21/11/18;04:05:19 PM;Tunel Vila Olimpica 1:   Fallo Comunicación;VilaOlimp1;"
"21/11/18;04:04:41 PM;Tunel Vila Olimpica 1:   Fallo Comunicación;VilaOlimp1;"
"21/11/18;04:03:11 PM;Tunel Pla de Palau:    Fallo Comunicación;Pla Palau;"
"21/11/18;04:02:23 PM;WEBRT:RONDAS-PC:WebClient UTERONDESBCN04 - conexión establecida (Usuario=operador);;"
"21/11/18;04:00:43 PM;Pozo 5:    Fallo Comunicación;Pozo 5;"
"21/11/18;03:58:45 PM;Pozo 5:    Fallo Comunicación;Pozo 5;"
"21/11/18;03:58:43 PM;Tunel Vila Olimpica 1:   Fallo Comunicación;VilaOlimp1;"
"21/11/18;03:58:21 PM;Tunel Vila Olimpica 1:   Fallo Comunicación;VilaOlimp1;"
"21/11/18;03:57:23 PM;Pozo 9:    Fallo Comunicación;Pozo 9;"
"21/11/18;03:53:29 PM;Tunel Vila Olimpica 1:   Fallo Comunicación;VilaOlimp1;"
"21/11/18;03:50:09 PM;Tunel Pla de Palau:    Fallo Comunicación;Pla Palau;"
"21/11/18;03:44:31 PM;Tunel Vila Olimpica 1:   Fallo Comunicación;VilaOlimp1;"
"21/11/18;03:41:53 PM;Tunel Baró de Viver:    Fallo Comunicación;Baro Viver;"
"21/11/18;03:41:41 PM;Tunel Baró de Viver:    Fallo Comunicación;Baro Viver;"
"21/11/18;03:41:25 PM;Pozo 9:    Fallo Comunicación;Pozo 9;"
"21/11/18;03:39:29 PM;Tunel Vila Olimpica 1:   Fallo Comunicación;VilaOlimp1;"
"21/11/18;03:38:53 PM;Tunel Pla de Palau:    Fallo Comunicación;Pla Palau;"
"21/11/18;03:33:31 PM;Tunel Vila Olimpica 1:   Fallo Comunicación;VilaOlimp1;"
"21/11/18;03:33:25 PM;Tunel Vila Olimpica 1:   Fallo Comunicación;VilaOlimp1;"
"21/11/18;03:27:41 PM;Tunel Vila Olimpica 1:   Fallo Comunicación;VilaOlimp1;"
"21/11/18;03:23:03 PM;Tunel Pla de Palau:    Fallo Comunicación;Pla Palau;"
"21/11/18;03:22:41 PM;Tunel Vila Olimpica 1:   Fallo Comunicación;VilaOlimp1;"
"21/11/18;03:18:23 PM;Tunel Pla de Palau:    Fallo Comunicación;Pla Palau;"
"21/11/18;03:06:13 PM;Tunel Vila Olimpica 1:   Fallo Comunicación;VilaOlimp1;"
"21/11/18;03:06:00 PM;Tunel Autogeneracion:    Fallo Comunicación;Autogenera;"
"21/11/18;03:05:53 PM;Tunel Vila Olimpica 1:   Fallo Comunicación;VilaOlimp1;"
"21/11/18;03:02:31 PM;Tunel Vila Olimpica 1:   Fallo Comunicación;VilaOlimp1;"
"21/11/18;03:02:20 PM;Tunel Vila Olimpica 1:   Fallo Comunicación;VilaOlimp1;"
"21/11/18;03:02:18 PM;Tunel Vila Olimpica 1:   Fallo Comunicación;VilaOlimp1;"
"21/11/18;03:02:02 PM;WEBRT:RONDAS-PC:WebClient UTERONDESBCN05 - conexión establecida (Usuario=operador);;"
"21/11/18;03:00:11 PM;WEBRT:RONDAS-PC:WebClient UTERONDESBCN04 - conexión desconectada (Usuario=operador);;"
"21/11/18;02:57:26 PM;Tunel Autogeneracion:    Fallo Comunicación;Autogenera;"
"21/11/18;02:54:31 PM;Tunel Vila Olimpica 1:   Fallo Comunicación;VilaOlimp1;"
"21/11/18;02:52:37 PM;Pozo 8:    Fallo Comunicación;Pozo 8;"
"21/11/18;02:50:31 PM;Tunel Forum:    Fallo Comunicación;Forum;"
"21/11/18;02:49:39 PM;Tunel Forum:    Fallo Comunicación;Forum;"
"21/11/18;02:49:13 PM;Tunel Pla de Palau:    Fallo Comunicación;Pla Palau;"
"21/11/18;02:48:45 PM;Tunel Pla de Palau:    Fallo Comunicación;Pla Palau;"
"21/11/18;02:48:23 PM;Tunel Vila Olimpica 1:   Fallo Comunicación;VilaOlimp1;"
"21/11/18;02:43:37 PM;Tunel Vila Olimpica 1:   Fallo Comunicación;VilaOlimp1;"
"21/11/18;02:40:21 PM;Tunel Morrot:    Fallo Comunicación;Morrot;"
"21/11/18;02:39:25 PM;Tunel Pla de Palau:    Fallo Comunicación;Pla Palau;"
"21/11/18;02:36:43 PM;Tunel Vila Olimpica 1:   Fallo Comunicación;VilaOlimp1;"
"21/11/18;02:36:31 PM;Tunel Vila Olimpica 1:   Fallo Comunicación;VilaOlimp1;"
"21/11/18;02:36:29 PM;Tunel Vila Olimpica 1:   Fallo Comunicación;VilaOlimp1;"
"21/11/18;02:33:57 PM;Tunel Pla de Palau:    Fallo Comunicación;Pla Palau;"
"21/11/18;02:31:51 PM;Tunel Morrot:    Fallo Comunicación;Morrot;"
"21/11/18;02:25:30 PM;Tunel Vila Olimpica 1:   Fallo Comunicación;VilaOlimp1;"
"21/11/18;02:25:06 PM;Pozo 8:    Fallo Comunicación;Pozo 8;"
"21/11/18;02:19:14 PM;Tunel Vila Olimpica 1:   Fallo Comunicación;VilaOlimp1;"
"21/11/18;02:18:40 PM;Tunel Vila Olimpica 1:   Fallo Comunicación;VilaOlimp1;"
"21/11/18;02:18:21 PM;Tunel Vila Olimpica 1:   Fallo Comunicación;VilaOlimp1;"
"21/11/18;02:18:14 PM;Tunel Pla de Palau:    Fallo Comunicación;Pla Palau;"
"21/11/18;02:15:13 PM;WEBRT:RONDAS-PC:WebClient UTERONDESBCN04 - conexión establecida (Usuario=operador);;"
"21/11/18;02:15:13 PM;WEBRT:RONDAS-PC:WebClient UTERONDESBCN04 - conexión desconectada (Usuario=operador);;"
"21/11/18;02:13:24 PM;Tunel Vila Olimpica 1:   Fallo Comunicación;VilaOlimp1;"
"21/11/18;02:12:21 PM;Tunel Vila Olimpica 1:   Fallo Comunicación;VilaOlimp1;"
"21/11/18;02:09:56 PM;Tunel Baró de Viver:    Fallo Comunicación;Baro Viver;"
"21/11/18;02:09:46 PM;Tunel Baró de Viver:    Fallo Comunicación;Baro Viver;"
"21/11/18;02:08:20 PM;Tunel Pla de Palau:    Fallo Comunicación;Pla Palau;"
"21/11/18;02:07:32 PM;Tunel Vila Olimpica 1:   Fallo Comunicación;VilaOlimp1;"
"21/11/18;02:07:30 PM;Tunel Vila Olimpica 1:   Fallo Comunicación;VilaOlimp1;"
"21/11/18;02:06:21 PM;Tunel Vila Olimpica 1:   Fallo Comunicación;VilaOlimp1;"
"21/11/18;02:01:42 PM;Tunel Vila Olimpica 1:   Fallo Comunicación;VilaOlimp1;"
"21/11/18;02:01:28 PM;Tunel Vila Olimpica 1:   Fallo Comunicación;VilaOlimp1;"
"21/11/18;02:00:32 PM;Tunel Vila Olimpica 1:   Fallo Comunicación;VilaOlimp1;"
"21/11/18;01:58:28 PM;WEBRT:RONDAS-PC:WebClient UTERONDESBCN04 - conexión establecida (Usuario=operador);;"
"21/11/18;01:55:32 PM;Tunel Vila Olimpica 1:   Fallo Comunicación;VilaOlimp1;"
"21/11/18;01:54:56 PM;Pozo 8:    Fallo Comunicación;Pozo 8;"
"21/11/18;01:54:47 PM;WEBRT:RONDAS-PC:WebClient UTERONDESBCN05 - conexión desconectada (Usuario=operador);;"
"21/11/18;01:54:26 PM;Tunel Vila Olimpica 1:   Fallo Comunicación;VilaOlimp1;"
"21/11/18;01:54:21 PM;Tunel Vila Olimpica 1:   Fallo Comunicación;VilaOlimp1;"
"21/11/18;01:48:42 PM;Tunel Vila Olimpica 1:   Fallo Comunicación;VilaOlimp1;"
"21/11/18;01:48:26 PM;Tunel Vila Olimpica 1:   Fallo Comunicación;VilaOlimp1;"
"21/11/18;01:43:50 PM;Tunel Vila Olimpica 1:   Fallo Comunicación;VilaOlimp1;"
"21/11/18;01:43:36 PM;Tunel Vila Olimpica 1:   Fallo Comunicación;VilaOlimp1;"
"21/11/18;01:43:23 PM;Tunel Vila Olimpica 1:   Fallo Comunicación;VilaOlimp1;"
"21/11/18;01:42:00 PM;Pozo 8:    Fallo Comunicación;Pozo 8;"
"21/11/18;01:38:30 PM;Tunel Vila Olimpica 1:   Fallo Comunicación;VilaOlimp1;"
"21/11/18;01:34:50 PM;Pozo 8:    Fallo Comunicación;Pozo 8;"
"21/11/18;01:32:52 PM;Tunel Vila Olimpica 1:   Fallo Comunicación;VilaOlimp1;"
"21/11/18;01:32:32 PM;Tunel Vila Olimpica 1:   Fallo Comunicación;VilaOlimp1;"
"21/11/18;01:28:50 PM;Pozo 8:    Fallo Comunicación;Pozo 8;"
"21/11/18;01:27:10 PM;Tunel Vila Olimpica 1:   Fallo Comunicación;VilaOlimp1;"
"21/11/18;01:26:56 PM;Tunel Vila Olimpica 1:   Fallo Comunicación;VilaOlimp1;"
"21/11/18;01:26:49 PM;Tunel Vila Olimpica 1:   Fallo Comunicación;VilaOlimp1;"
"21/11/18;01:25:38 PM;Pozo 5:    Fallo Comunicación;Pozo 5;"
"21/11/18;01:24:47 PM;Tunel Baró de Viver:    Fallo Comunicación;Baro Viver;"
"21/11/18;01:24:32 PM;Tunel Baró de Viver:    Fallo Comunicación;Baro Viver;"
"21/11/18;01:23:21 PM;Tunel Vila Olimpica 1:   Fallo Comunicación;VilaOlimp1;"
"21/11/18;01:21:35 PM;Tunel Baró de Viver:    Potencia Reactiva bajo mónimos.;Collserola;"
"21/11/18;01:19:47 PM;Tunel Baró de Viver:    Potencia Reactiva bajo mónimos.;Collserola;"
"21/11/18;01:18:30 PM;Tunel Vila Olimpica 1:   Fallo Comunicación;VilaOlimp1;"
"21/11/18;01:18:20 PM;Tunel Vila Olimpica 1:   Fallo Comunicación;VilaOlimp1;"
"21/11/18;01:16:32 PM;Pozo 5:    Fallo Comunicación;Pozo 5;"
